Platform,Hashtag,Content_Type,Region,Decayed_ERR
YouTube,#Fitness,Shorts,Japan,63.4880680253573
TikTok,#Fitness,Reel,USA,63.289376700543556
Instagram,#Gaming,Shorts,USA,49.997193836043785
YouTube,#Dance,Tweet,Germany,48.20059772741649
YouTube,#Dance,Reel,Japan,48.11166948232905
TikTok,#Viral,Tweet,UK,47.50089128692491
YouTube,#Dance,Video,Germany,43.68762003287043
YouTube,#Viral,Tweet,Japan,42.6795654269938
Instagram,#Fitness,Post,India,39.435166708876636
YouTube,#Viral,Shorts,Australia,39.28725616806816
YouTube,#Fashion,Shorts,Australia,37.88197269248554
Twitter,#Comedy,Tweet,Brazil,37.316526550122546
YouTube,#Comedy,Post,Australia,36.941443867153744
Instagram,#Tech,Live Stream,Australia,36.93366338170816
YouTube,#Challenge,Video,Canada,36.2677709577811
Instagram,#Gaming,Post,Brazil,35.59695050960006
Twitter,#Comedy,Video,India,35.19794048511135
TikTok,#Gaming,Video,Canada,35.183308474017196
Twitter,#Challenge,Video,India,34.492574338940585
YouTube,#Fashion,Tweet,Japan,34.271145272725384
Instagram,#Music,Live Stream,UK,33.524631364328506
TikTok,#Fashion,Live Stream,Germany,32.89691547072477
TikTok,#Gaming,Post,Germany,31.568085963582902
Twitter,#Fitness,Shorts,India,30.45462347460015
Instagram,#Education,Live Stream,Australia,30.268638452886066
Twitter,#Dance,Reel,UK,30.042551588869724
Twitter,#Challenge,Reel,Germany,29.966854238868187
TikTok,#Music,Shorts,Canada,29.484882404189356
Twitter,#Fashion,Live Stream,Brazil,29.32761320265958
Twitter,#Dance,Reel,Germany,29.029728589397045
TikTok,#Comedy,Post,Australia,28.6879637348826
Instagram,#Comedy,Post,Germany,28.155625672470467
Twitter,#Fitness,Video,Australia,28.153615371102546
Twitter,#Comedy,Post,Canada,28.06730046350107
YouTube,#Fashion,Live Stream,UK,28.016396810487986
TikTok,#Music,Video,Germany,27.859436758270878
Twitter,#Fashion,Shorts,Australia,27.804025660619583
TikTok,#Education,Live Stream,India,27.41374215978887
Instagram,#Challenge,Shorts,Germany,27.187018087671447
Instagram,#Education,Video,UK,27.136246350822706
Twitter,#Gaming,Post,Canada,26.70376336289471
Instagram,#Comedy,Live Stream,USA,26.64880721057508
Instagram,#Fashion,Tweet,UK,26.626584352554573
TikTok,#Challenge,Live Stream,Germany,26.146358163262914
TikTok,#Tech,Reel,Canada,26.10263662783318
Twitter,#Tech,Reel,USA,26.033250038551532
Twitter,#Fitness,Live Stream,Brazil,25.782335802908122
Instagram,#Fashion,Tweet,Japan,25.571374585456052
Instagram,#Gaming,Reel,Germany,25.554936858075497
TikTok,#Music,Shorts,USA,25.262631467324862
Twitter,#Comedy,Video,Brazil,24.568416747825207
YouTube,#Tech,Tweet,USA,24.534927421805495
YouTube,#Education,Tweet,Australia,24.521523832964537
TikTok,#Fashion,Reel,Canada,24.150461190043895
YouTube,#Tech,Post,India,23.71864828347367
YouTube,#Music,Shorts,USA,23.4225911264998
Instagram,#Education,Shorts,Australia,23.067068330419826
YouTube,#Fashion,Reel,India,22.80190907719987
YouTube,#Music,Video,India,22.721369343163715
Twitter,#Viral,Tweet,Japan,22.716798312270924
TikTok,#Fashion,Tweet,India,22.591957179902195
YouTube,#Dance,Video,Canada,22.23652954276198
Twitter,#Education,Post,India,22.067549952550383
YouTube,#Dance,Tweet,Brazil,22.062537633761803
YouTube,#Fashion,Shorts,Japan,21.902505175873902
YouTube,#Viral,Shorts,India,21.838904015569472
Twitter,#Comedy,Live Stream,USA,21.767126050979805
YouTube,#Fashion,Shorts,Brazil,21.763632761725592
Instagram,#Gaming,Reel,Japan,21.76316644182291
YouTube,#Tech,Reel,Australia,21.761453081967975
TikTok,#Fashion,Post,Australia,21.587980613680056
Instagram,#Music,Video,Germany,21.43565009607976
Instagram,#Fitness,Tweet,UK,21.342710253562075
TikTok,#Viral,Live Stream,Canada,21.306605048168247
YouTube,#Music,Live Stream,India,21.080539042438254
Instagram,#Viral,Post,Canada,20.789716689152666
TikTok,#Challenge,Post,Germany,20.675469258985558
Instagram,#Dance,Live Stream,Australia,20.611721701936172
Twitter,#Education,Tweet,Canada,20.610027562337088
TikTok,#Fitness,Video,Canada,20.49514869295653
YouTube,#Fitness,Post,Brazil,20.479975889026925
Twitter,#Gaming,Video,Germany,20.32304442603005
YouTube,#Music,Video,Japan,20.29333702880867
TikTok,#Fitness,Video,Australia,20.2134977234498
Instagram,#Fashion,Video,Australia,20.202803726683655
Twitter,#Challenge,Live Stream,India,20.17614555116918
Twitter,#Music,Shorts,Germany,20.16632273511735
Instagram,#Tech,Shorts,Australia,20.15262475122658
Twitter,#Dance,Tweet,India,20.029443591894598
Twitter,#Viral,Live Stream,Australia,20.027375531801688
YouTube,#Viral,Reel,Japan,19.87107525982755
Twitter,#Comedy,Reel,Japan,19.62776991314448
YouTube,#Fashion,Shorts,Germany,19.31913628493259
TikTok,#Viral,Shorts,UK,19.184444068644186
TikTok,#Tech,Post,Canada,19.14149957719544
Instagram,#Education,Shorts,Japan,18.878012134927815
YouTube,#Gaming,Post,India,18.718950547241796
Instagram,#Comedy,Live Stream,Brazil,18.683982877613833
YouTube,#Challenge,Tweet,India,18.65604647274676
TikTok,#Dance,Live Stream,India,18.603090181570977
TikTok,#Education,Video,USA,18.601265084605892
Twitter,#Gaming,Tweet,Brazil,18.553487279828477
YouTube,#Dance,Post,Japan,18.442193690035833
Twitter,#Tech,Live Stream,Australia,18.426272652693772
Instagram,#Gaming,Live Stream,Japan,18.3736739673969
Twitter,#Challenge,Live Stream,Canada,18.348980982521212
Instagram,#Gaming,Shorts,Canada,18.34247739668132
Instagram,#Tech,Tweet,USA,18.33830610778799
Twitter,#Tech,Post,Japan,18.326280898270507
Twitter,#Dance,Video,India,18.315527985866815
YouTube,#Fitness,Live Stream,Australia,18.205862815371308
TikTok,#Gaming,Tweet,UK,18.20058345723773
Twitter,#Comedy,Live Stream,Germany,18.181274484702392
Instagram,#Fashion,Post,India,18.172211711982115
TikTok,#Challenge,Reel,Japan,18.11925251310316
YouTube,#Tech,Video,Australia,18.11047278124468
TikTok,#Challenge,Shorts,Brazil,18.072000766470126
TikTok,#Challenge,Live Stream,Canada,18.039015552895712
YouTube,#Challenge,Shorts,USA,18.031825874201893
Instagram,#Dance,Live Stream,Brazil,17.97295901842146
Instagram,#Tech,Post,Japan,17.936023680754417
Instagram,#Dance,Video,Canada,17.883871413515912
Twitter,#Comedy,Shorts,India,17.819107969523166
Twitter,#Dance,Post,Brazil,17.737383951313618
Instagram,#Education,Reel,Canada,17.73051080277268
Instagram,#Education,Live Stream,Germany,17.718214016490208
YouTube,#Education,Shorts,Brazil,17.705658420565236
Instagram,#Fitness,Reel,USA,17.686293614090342
YouTube,#Challenge,Shorts,India,17.631022662627196
Instagram,#Challenge,Reel,Canada,17.51386127299703
YouTube,#Fitness,Live Stream,Japan,17.481281571500407
Instagram,#Comedy,Tweet,USA,17.46975001171976
Twitter,#Gaming,Video,Canada,17.46003440065161
Instagram,#Viral,Video,India,17.414995558214564
Twitter,#Challenge,Shorts,Canada,17.371434860253142
Instagram,#Music,Live Stream,USA,17.332683230983235
Twitter,#Comedy,Post,Germany,17.30103570968549
Instagram,#Music,Post,India,17.28760018255363
Instagram,#Fashion,Live Stream,Germany,17.2794216454232
Twitter,#Fitness,Video,Japan,17.213952664144998
Instagram,#Education,Live Stream,Canada,17.057896008726217
YouTube,#Viral,Live Stream,Japan,17.01334326773451
Instagram,#Tech,Shorts,Canada,16.998467114022816
Twitter,#Challenge,Video,Canada,16.88214659573819
Twitter,#Challenge,Post,Australia,16.807869783767206
Instagram,#Dance,Live Stream,USA,16.793385011847665
Instagram,#Viral,Live Stream,Japan,16.77779452377835
Instagram,#Comedy,Reel,Canada,16.618593597149193
YouTube,#Education,Post,Australia,16.44843119688779
Twitter,#Tech,Video,UK,16.403172698463116
Instagram,#Challenge,Live Stream,Canada,16.312626197529337
YouTube,#Music,Shorts,Brazil,16.151185472838844
Twitter,#Education,Post,USA,16.137122170101776
Instagram,#Fashion,Reel,Germany,16.111052787130962
YouTube,#Fashion,Tweet,Brazil,16.060380744633598
TikTok,#Viral,Tweet,Germany,15.971608186128158
Instagram,#Tech,Shorts,Brazil,15.931498966176038
YouTube,#Gaming,Shorts,UK,15.907055546726118
Twitter,#Tech,Tweet,USA,15.878213804404258
YouTube,#Education,Post,Japan,15.838828768708066
YouTube,#Education,Shorts,India,15.698955340798662
Twitter,#Education,Shorts,Germany,15.682324572695618
YouTube,#Viral,Live Stream,UK,15.665138854110129
TikTok,#Dance,Tweet,Germany,15.591858462106428
Instagram,#Viral,Live Stream,UK,15.584091228203782
YouTube,#Comedy,Reel,Brazil,15.57997250864193
TikTok,#Fitness,Post,Germany,15.5710102847712
YouTube,#Music,Live Stream,Germany,15.553343343904183
Instagram,#Fashion,Tweet,Canada,15.508970844900047
Twitter,#Education,Tweet,USA,15.444318719891807
YouTube,#Comedy,Reel,Japan,15.415505511520632
Instagram,#Fashion,Live Stream,Japan,15.392469377582195
TikTok,#Music,Post,USA,15.35986525060603
TikTok,#Music,Reel,Australia,15.355972427768515
Twitter,#Viral,Shorts,Brazil,15.35009331462435
TikTok,#Comedy,Video,UK,15.337967820136916
TikTok,#Gaming,Post,USA,15.316758006721217
TikTok,#Tech,Post,India,15.283665212425127
Twitter,#Fashion,Tweet,UK,15.172404460946103
Instagram,#Dance,Live Stream,Germany,15.170470471900293
Instagram,#Viral,Post,USA,15.113345627242605
Instagram,#Viral,Shorts,Australia,15.090489037642463
TikTok,#Comedy,Live Stream,Japan,15.057906868777453
Twitter,#Comedy,Tweet,Germany,14.989660047202461
YouTube,#Fashion,Video,Japan,14.981197087563203
Twitter,#Tech,Video,India,14.85501997203705
TikTok,#Fitness,Tweet,UK,14.810872867130826
Instagram,#Gaming,Tweet,Australia,14.810834763785142
Twitter,#Music,Shorts,USA,14.798550327138143
TikTok,#Gaming,Post,India,14.726802633755351
Instagram,#Comedy,Shorts,UK,14.70566459542722
Twitter,#Viral,Video,Germany,14.549810331668874
TikTok,#Challenge,Tweet,UK,14.530781505875847
TikTok,#Fitness,Reel,Brazil,14.5274396461297
Instagram,#Challenge,Shorts,Brazil,14.442776821634977
TikTok,#Comedy,Live Stream,Canada,14.440963726309054
TikTok,#Viral,Shorts,Australia,14.418011469741456
YouTube,#Viral,Shorts,Brazil,14.387905344095564
Twitter,#Challenge,Video,UK,14.32747279740101
Instagram,#Dance,Shorts,USA,14.30663296904342
YouTube,#Fitness,Shorts,UK,14.28532516694995
Instagram,#Dance,Video,USA,14.203183016308124
TikTok,#Education,Tweet,Australia,14.19141053219454
Instagram,#Challenge,Tweet,USA,14.185409288622678
YouTube,#Gaming,Reel,Canada,14.173364042965252
Twitter,#Viral,Post,India,14.154481888532464
Instagram,#Viral,Reel,Australia,14.128280357841632
Twitter,#Gaming,Reel,Japan,14.061346937724691
Instagram,#Dance,Shorts,Germany,14.054451197413325
YouTube,#Music,Tweet,Canada,14.03760805233279
Instagram,#Music,Video,Japan,14.026406682281348
Instagram,#Viral,Live Stream,Germany,14.018339426788183
YouTube,#Fashion,Shorts,India,14.011713444145784
Twitter,#Fashion,Tweet,Germany,13.906001587614291
TikTok,#Music,Video,USA,13.786481193844775
Twitter,#Fashion,Live Stream,Germany,13.755024129478722
YouTube,#Viral,Post,UK,13.738574726504732
YouTube,#Fashion,Live Stream,Brazil,13.737640186596156
Instagram,#Tech,Reel,Japan,13.73325015515275
Instagram,#Challenge,Video,Brazil,13.698994962110183
Instagram,#Challenge,Reel,Australia,13.697812939238087
TikTok,#Music,Tweet,UK,13.674417392372876
Twitter,#Comedy,Shorts,Japan,13.579996992015335
YouTube,#Education,Tweet,UK,13.57446624799058
Twitter,#Comedy,Reel,USA,13.491954390953714
YouTube,#Challenge,Tweet,USA,13.4120807324326
Instagram,#Fitness,Live Stream,Canada,13.387746613627167
Twitter,#Fashion,Shorts,USA,13.378962051909511
Instagram,#Dance,Video,Brazil,13.363392274575201
Instagram,#Education,Live Stream,UK,13.360374403350946
Twitter,#Challenge,Reel,Japan,13.354385554217572
Instagram,#Fitness,Post,Japan,13.226706986920506
Instagram,#Dance,Live Stream,Canada,13.149603744014428
YouTube,#Dance,Shorts,Brazil,13.148842786926371
YouTube,#Fashion,Post,Japan,13.1253658819216
TikTok,#Dance,Live Stream,Japan,13.109947309957208
TikTok,#Tech,Live Stream,India,13.043574853113023
Instagram,#Gaming,Post,Canada,13.038496542214709
Twitter,#Education,Live Stream,Canada,12.985405465101794
Twitter,#Tech,Tweet,Japan,12.976268595812078
Twitter,#Tech,Tweet,Canada,12.973498408075816
YouTube,#Dance,Live Stream,Germany,12.911045060306257
TikTok,#Dance,Video,Japan,12.857027779336942
Twitter,#Tech,Video,Brazil,12.819185377183313
Twitter,#Music,Reel,India,12.797204469982145
Instagram,#Music,Live Stream,Brazil,12.79604791832625
Instagram,#Music,Reel,Australia,12.72816990508838
TikTok,#Tech,Live Stream,UK,12.712626968199384
Twitter,#Gaming,Video,Australia,12.646150166979766
Instagram,#Fitness,Video,Brazil,12.619785845898573
YouTube,#Music,Live Stream,Brazil,12.578258544722898
YouTube,#Gaming,Live Stream,India,12.544072753481151
Twitter,#Fashion,Reel,Australia,12.526620172471057
Instagram,#Tech,Reel,Australia,12.460854757824894
TikTok,#Viral,Video,USA,12.446258051895617
Instagram,#Challenge,Post,Germany,12.435010503938223
Instagram,#Gaming,Tweet,USA,12.428042901132798
Twitter,#Challenge,Video,Australia,12.41553344195996
TikTok,#Comedy,Video,Canada,12.404116850108677
Instagram,#Tech,Live Stream,UK,12.391370988962532
TikTok,#Challenge,Shorts,Canada,12.38626275083933
YouTube,#Fitness,Tweet,Brazil,12.38375261026042
YouTube,#Dance,Live Stream,USA,12.309408211455796
YouTube,#Viral,Live Stream,Australia,12.305514923828373
Instagram,#Comedy,Tweet,Canada,12.235754843214393
Instagram,#Dance,Post,Germany,12.203136852007223
YouTube,#Fitness,Reel,UK,12.075169728735835
Instagram,#Tech,Tweet,India,12.06244453305616
YouTube,#Music,Reel,India,12.005342899195234
Instagram,#Fashion,Video,Japan,11.994923042430099
TikTok,#Dance,Reel,Australia,11.988692041980414
Twitter,#Dance,Shorts,Japan,11.985324214025129
YouTube,#Education,Tweet,Germany,11.943683874163485
TikTok,#Viral,Video,India,11.932910560379069
YouTube,#Fitness,Tweet,UK,11.930239750693584
YouTube,#Challenge,Shorts,Brazil,11.923157918928444
Instagram,#Fitness,Shorts,Canada,11.889292966362921
Instagram,#Viral,Video,Germany,11.881426612575812
Instagram,#Education,Video,Canada,11.852487002799567
Twitter,#Tech,Shorts,Japan,11.81633548471894
TikTok,#Music,Tweet,Australia,11.804700400831363
Instagram,#Fitness,Live Stream,Australia,11.754627563479062
YouTube,#Viral,Live Stream,Brazil,11.715485717962258
YouTube,#Music,Video,Germany,11.713966668967444
TikTok,#Viral,Shorts,India,11.705883066581203
Instagram,#Fitness,Tweet,Australia,11.679218341514742
TikTok,#Gaming,Post,Brazil,11.66653649794261
Instagram,#Dance,Shorts,India,11.650158593604338
YouTube,#Gaming,Live Stream,Canada,11.623086130756684
YouTube,#Comedy,Live Stream,Canada,11.607299659084752
YouTube,#Education,Tweet,Canada,11.545614269103265
Twitter,#Gaming,Live Stream,Japan,11.541722758932943
Instagram,#Fitness,Live Stream,Japan,11.477586732167435
Twitter,#Education,Reel,Brazil,11.45648580054156
TikTok,#Fitness,Video,Germany,11.434188419402034
Instagram,#Education,Tweet,India,11.410747780161117
Twitter,#Tech,Video,Canada,11.407128773773724
YouTube,#Dance,Shorts,USA,11.388303917608832
Twitter,#Challenge,Shorts,Japan,11.386905905214128
Instagram,#Viral,Tweet,UK,11.386358112574948
TikTok,#Gaming,Reel,Germany,11.375453476273869
Twitter,#Fitness,Video,Canada,11.370188827765238
TikTok,#Tech,Video,USA,11.367691664661512
Instagram,#Education,Post,Germany,11.347465119622669
YouTube,#Dance,Post,UK,11.344613409777555
Instagram,#Dance,Video,India,11.328929206238476
TikTok,#Tech,Shorts,Germany,11.316617385900955
Instagram,#Comedy,Post,USA,11.31234820189882
Twitter,#Fitness,Live Stream,Australia,11.303900591605622
Instagram,#Education,Video,Brazil,11.289724109690972
TikTok,#Challenge,Reel,India,11.289468387299651
TikTok,#Education,Tweet,India,11.273851615875031
YouTube,#Tech,Tweet,Brazil,11.231825608911466
Instagram,#Gaming,Tweet,Germany,11.221426595752797
Instagram,#Education,Video,India,11.219607067639359
Twitter,#Fashion,Video,USA,11.21361621494857
Twitter,#Comedy,Post,Australia,11.213196100255649
Instagram,#Music,Shorts,Australia,11.207728392403734
Instagram,#Fashion,Shorts,Canada,11.205556464376931
Twitter,#Music,Video,UK,11.19160612328854
TikTok,#Challenge,Tweet,Brazil,11.167324742710212
TikTok,#Viral,Video,Germany,11.16671858349207
Instagram,#Viral,Tweet,USA,11.159708071815368
YouTube,#Dance,Post,India,11.151935911499223
Instagram,#Music,Shorts,Japan,11.151205621715965
TikTok,#Comedy,Shorts,India,11.12071301758077
YouTube,#Dance,Video,Japan,11.11940862388469
TikTok,#Comedy,Post,USA,11.109107884942762
TikTok,#Fashion,Reel,UK,11.106692433236708
YouTube,#Viral,Reel,India,11.104637557686077
Twitter,#Viral,Tweet,UK,11.057731621316517
YouTube,#Education,Post,Germany,11.044117047782924
TikTok,#Viral,Post,Canada,11.005748609186758
YouTube,#Gaming,Video,Canada,10.993139818007132
Instagram,#Dance,Reel,Germany,10.951482084212834
TikTok,#Viral,Tweet,Canada,10.92861731359021
TikTok,#Tech,Live Stream,Germany,10.907027403323555
YouTube,#Fitness,Shorts,Canada,10.906349655498271
TikTok,#Viral,Video,Brazil,10.905475321236581
YouTube,#Challenge,Reel,USA,10.870126304537894
TikTok,#Challenge,Tweet,Germany,10.785496078423384
YouTube,#Fashion,Shorts,USA,10.76126132051401
TikTok,#Tech,Reel,Japan,10.757694935641025
Twitter,#Tech,Reel,Canada,10.744333467929955
YouTube,#Tech,Tweet,Canada,10.73469232667363
YouTube,#Education,Reel,Germany,10.728337616212945
TikTok,#Music,Live Stream,India,10.700999735443599
YouTube,#Fitness,Video,Japan,10.699285951572676
Instagram,#Viral,Post,Japan,10.696461601895079
Instagram,#Viral,Reel,India,10.67972047973966
YouTube,#Dance,Reel,Germany,10.667078048507713
Twitter,#Viral,Live Stream,USA,10.6010814438053
TikTok,#Gaming,Shorts,Japan,10.593112338256342
Twitter,#Fitness,Post,UK,10.572090786383654
Instagram,#Education,Post,Australia,10.56846531836781
Instagram,#Viral,Live Stream,Brazil,10.512846709937964
Instagram,#Fitness,Post,Australia,10.47834756973614
TikTok,#Gaming,Tweet,Canada,10.474060437310637
TikTok,#Fashion,Live Stream,Brazil,10.44039294504535
TikTok,#Dance,Post,India,10.398069196501416
Twitter,#Music,Reel,Brazil,10.37403318742184
YouTube,#Fitness,Post,Canada,10.373613501497076
Twitter,#Gaming,Video,UK,10.369222789812612
YouTube,#Tech,Post,Brazil,10.308196123002675
TikTok,#Education,Shorts,Australia,10.29764072233376
Instagram,#Fitness,Live Stream,USA,10.297611580830276
YouTube,#Fashion,Shorts,UK,10.283940043113507
Instagram,#Fitness,Tweet,USA,10.276275270464225
Instagram,#Fitness,Video,Australia,10.224371882538229
Twitter,#Gaming,Tweet,USA,10.19095636373362
Twitter,#Fitness,Reel,UK,10.145067571014115
Instagram,#Dance,Reel,Australia,10.133424971608001
TikTok,#Fashion,Post,India,10.126088808031643
YouTube,#Dance,Shorts,UK,10.120506977103311
YouTube,#Fashion,Live Stream,Canada,10.066465574607978
YouTube,#Tech,Video,Japan,10.053274279767114
TikTok,#Viral,Post,Germany,10.02012900447484
Twitter,#Challenge,Video,USA,10.015715487749654
TikTok,#Music,Tweet,Japan,10.002791406964672
TikTok,#Fashion,Shorts,Canada,9.993585177098101
TikTok,#Education,Live Stream,Canada,9.993306863250742
TikTok,#Comedy,Live Stream,USA,9.982963445887341
Twitter,#Comedy,Tweet,Australia,9.927664652320432
TikTok,#Education,Reel,Australia,9.922930843842378
Twitter,#Tech,Video,Germany,9.907199640527844
TikTok,#Viral,Video,Australia,9.894110486529415
YouTube,#Fashion,Video,Australia,9.885961172928543
YouTube,#Education,Shorts,Japan,9.874332927947963
YouTube,#Challenge,Post,Brazil,9.874052834230008
Instagram,#Dance,Live Stream,UK,9.853805843122277
Twitter,#Education,Video,Japan,9.851728369535936
YouTube,#Music,Tweet,India,9.850227355493676
Twitter,#Fashion,Tweet,Australia,9.84595636909051
YouTube,#Challenge,Reel,Germany,9.802648507079248
YouTube,#Tech,Post,Australia,9.748746358398057
YouTube,#Tech,Shorts,Australia,9.748720721974145
Instagram,#Dance,Tweet,Japan,9.742249464120604
YouTube,#Dance,Tweet,USA,9.729433006089751
TikTok,#Education,Post,Canada,9.715126972657057
Twitter,#Fashion,Shorts,Japan,9.707725214336673
Twitter,#Challenge,Post,India,9.698322649913123
TikTok,#Music,Tweet,USA,9.695397755474168
Twitter,#Education,Live Stream,Australia,9.695078311687519
TikTok,#Education,Reel,India,9.67993006141824
YouTube,#Viral,Shorts,USA,9.670385057636503
Twitter,#Dance,Live Stream,India,9.666219543278041
YouTube,#Comedy,Live Stream,Japan,9.653338850055322
YouTube,#Comedy,Tweet,Brazil,9.650555155140733
Instagram,#Dance,Tweet,Germany,9.645168728537064
YouTube,#Music,Video,Brazil,9.64064927879905
Instagram,#Fitness,Shorts,Australia,9.616729693757238
Instagram,#Gaming,Reel,UK,9.604995436615111
Instagram,#Fashion,Video,UK,9.598306034543477
Twitter,#Tech,Post,Canada,9.587171876791807
YouTube,#Fashion,Live Stream,USA,9.577600744482197
YouTube,#Viral,Video,India,9.57517810951762
Instagram,#Music,Shorts,Brazil,9.556162957554033
Instagram,#Challenge,Live Stream,USA,9.538423224919969
YouTube,#Tech,Live Stream,Australia,9.53608524822562
Twitter,#Comedy,Tweet,Japan,9.529295913214934
YouTube,#Challenge,Live Stream,Germany,9.512416456024186
YouTube,#Tech,Post,Canada,9.50845626875071
Instagram,#Fashion,Shorts,USA,9.499550515951576
Instagram,#Education,Shorts,USA,9.487173129180482
YouTube,#Challenge,Video,Japan,9.480419294270813
TikTok,#Comedy,Reel,UK,9.471247513129084
Twitter,#Education,Post,Japan,9.461286813311126
Instagram,#Tech,Reel,Brazil,9.45589866754434
Instagram,#Fitness,Tweet,Japan,9.447931952377832
Instagram,#Dance,Shorts,Australia,9.436882954416603
YouTube,#Comedy,Reel,Canada,9.436595020126227
Instagram,#Challenge,Shorts,USA,9.427988163818117
TikTok,#Tech,Reel,Australia,9.412641052887592
Instagram,#Fitness,Post,Germany,9.38743623145326
Instagram,#Challenge,Reel,Brazil,9.37383800543269
Instagram,#Fashion,Tweet,USA,9.363934326628582
Instagram,#Challenge,Video,India,9.36342641065902
YouTube,#Comedy,Tweet,Japan,9.35322246459842
TikTok,#Challenge,Reel,Brazil,9.345628224226092
YouTube,#Dance,Reel,India,9.340084953386706
Twitter,#Comedy,Tweet,UK,9.330829224880258
TikTok,#Challenge,Reel,Germany,9.31823956619355
Instagram,#Dance,Tweet,USA,9.313655897920201
Instagram,#Fitness,Post,Brazil,9.285947725817989
Twitter,#Tech,Post,Australia,9.280736076412142
Instagram,#Tech,Video,India,9.270419178063857
YouTube,#Fitness,Post,Germany,9.269383174623593
YouTube,#Education,Reel,Canada,9.239614761238695
Twitter,#Fashion,Shorts,Germany,9.239546075680764
Instagram,#Education,Video,Australia,9.218237383704402
TikTok,#Comedy,Live Stream,India,9.218161711989337
TikTok,#Gaming,Live Stream,USA,9.206225609689643
Twitter,#Fashion,Post,Brazil,9.195523027616636
YouTube,#Challenge,Video,Australia,9.18293067414212
Twitter,#Challenge,Live Stream,Japan,9.169202122443187
TikTok,#Music,Live Stream,Brazil,9.167451587169156
TikTok,#Challenge,Tweet,USA,9.167124169851043
YouTube,#Gaming,Live Stream,USA,9.13099668284111
YouTube,#Tech,Live Stream,UK,9.123363661678786
YouTube,#Tech,Shorts,Brazil,9.0824857940064
TikTok,#Education,Live Stream,Germany,9.064847625205967
Twitter,#Viral,Tweet,Brazil,9.02585044621341
Instagram,#Fashion,Video,Canada,9.018216999725087
Twitter,#Challenge,Live Stream,Brazil,9.015696007408314
Twitter,#Viral,Video,Canada,9.012063649260519
TikTok,#Dance,Video,Germany,8.988381640513143
YouTube,#Comedy,Shorts,Brazil,8.98135424398795
Twitter,#Dance,Reel,Japan,8.975975535437161
Twitter,#Comedy,Live Stream,Brazil,8.96392628515805
TikTok,#Dance,Post,Australia,8.961354170617383
Twitter,#Fitness,Shorts,Germany,8.935658820366198
Instagram,#Fashion,Tweet,Brazil,8.932768090857742
YouTube,#Fitness,Video,UK,8.911641819400282
Twitter,#Gaming,Reel,Canada,8.911376712246936
TikTok,#Education,Tweet,Canada,8.899275803551058
YouTube,#Viral,Video,Canada,8.895815948020653
TikTok,#Comedy,Tweet,Japan,8.887958001940776
YouTube,#Comedy,Tweet,Canada,8.878937097494363
Twitter,#Tech,Tweet,Brazil,8.877719868098788
YouTube,#Gaming,Post,Australia,8.850023725243092
YouTube,#Fashion,Video,Brazil,8.814525103672482
Twitter,#Gaming,Video,Japan,8.800064559894432
Instagram,#Fashion,Post,Japan,8.796250617995806
TikTok,#Tech,Tweet,Australia,8.794118330492466
Twitter,#Gaming,Tweet,UK,8.750099233824713
Twitter,#Gaming,Tweet,Germany,8.743571606448137
TikTok,#Comedy,Tweet,Canada,8.736190680823757
Instagram,#Comedy,Shorts,Germany,8.720032938981074
Instagram,#Music,Reel,Japan,8.709695567127415
Instagram,#Viral,Live Stream,India,8.694199173496822
TikTok,#Challenge,Post,India,8.67562851502075
TikTok,#Viral,Tweet,USA,8.661645186788611
TikTok,#Viral,Live Stream,Japan,8.652009078360269
Twitter,#Tech,Reel,India,8.64996517882212
Instagram,#Tech,Tweet,Canada,8.649791840194174
TikTok,#Challenge,Live Stream,UK,8.648808593879473
Twitter,#Gaming,Post,Australia,8.63419094955013
YouTube,#Music,Live Stream,USA,8.63232341387091
TikTok,#Dance,Tweet,USA,8.631742636466457
Twitter,#Education,Reel,Canada,8.62729556483586
Twitter,#Tech,Reel,Japan,8.61620530356571
Twitter,#Dance,Video,Australia,8.587914203254412
TikTok,#Fitness,Video,Japan,8.58240628301572
Twitter,#Music,Tweet,Japan,8.570024475827678
YouTube,#Challenge,Live Stream,India,8.559954263493808
TikTok,#Tech,Shorts,UK,8.541844265459606
TikTok,#Dance,Reel,Japan,8.536788132524107
YouTube,#Dance,Shorts,India,8.533900846117813
TikTok,#Fitness,Post,Canada,8.526027642569018
YouTube,#Comedy,Tweet,UK,8.49379488781292
Instagram,#Challenge,Reel,USA,8.492711151088093
YouTube,#Tech,Post,Germany,8.487663117897744
Instagram,#Viral,Shorts,India,8.451269248169828
YouTube,#Fashion,Post,USA,8.442104810844803
YouTube,#Tech,Video,UK,8.438487494370007
Instagram,#Fashion,Live Stream,India,8.433506581779712
YouTube,#Comedy,Video,UK,8.426326098820283
YouTube,#Dance,Live Stream,Australia,8.404069729289917
TikTok,#Comedy,Tweet,Australia,8.400319357055174
TikTok,#Gaming,Video,Japan,8.389533214726447
TikTok,#Fitness,Shorts,India,8.386334548538443
TikTok,#Education,Live Stream,Brazil,8.38595532262252
TikTok,#Dance,Post,Germany,8.377490130585045
TikTok,#Dance,Video,India,8.371345245292998
Twitter,#Gaming,Reel,Germany,8.368749419233845
YouTube,#Challenge,Post,Germany,8.31919986295649
Instagram,#Dance,Video,UK,8.30966192022743
Twitter,#Viral,Shorts,Japan,8.309613490860318
YouTube,#Tech,Live Stream,Canada,8.308129072338488
TikTok,#Fitness,Live Stream,Germany,8.306573009582422
YouTube,#Music,Reel,Australia,8.270609032615837
TikTok,#Viral,Live Stream,Australia,8.26303827302587
YouTube,#Gaming,Video,Japan,8.257716275189884
Instagram,#Music,Shorts,USA,8.2566361246552
TikTok,#Comedy,Shorts,Japan,8.25107049701519
YouTube,#Fashion,Post,Brazil,8.246772907342665
TikTok,#Fitness,Video,UK,8.246598082765036
Twitter,#Fitness,Video,USA,8.22052680165769
YouTube,#Comedy,Live Stream,USA,8.211032687267636
Instagram,#Gaming,Tweet,India,8.181119604099019
TikTok,#Fitness,Reel,India,8.17612970778761
Instagram,#Viral,Reel,Japan,8.165247318649774
Twitter,#Viral,Shorts,Canada,8.1586739065172
Twitter,#Challenge,Reel,USA,8.13540716735415
YouTube,#Gaming,Tweet,Japan,8.13169027043712
YouTube,#Dance,Shorts,Australia,8.123033515344382
Instagram,#Fitness,Reel,UK,8.112513686387024
TikTok,#Comedy,Post,Germany,8.100966989963984
YouTube,#Gaming,Post,Canada,8.0966443226096
Instagram,#Gaming,Reel,USA,8.092546241456017
Instagram,#Music,Live Stream,Canada,8.08086770453544
TikTok,#Education,Video,UK,8.075462234028375
Twitter,#Music,Shorts,UK,8.062867609115392
Twitter,#Dance,Shorts,Canada,8.056108889974558
TikTok,#Comedy,Video,Australia,8.03548059920021
Twitter,#Viral,Tweet,USA,8.01626676654742
TikTok,#Music,Shorts,India,8.006123649994526
Instagram,#Dance,Post,Brazil,7.997501991274571
Instagram,#Challenge,Live Stream,UK,7.9896385929092855
TikTok,#Dance,Tweet,Canada,7.971197703884194
YouTube,#Challenge,Post,Japan,7.966188246491214
Instagram,#Challenge,Live Stream,Germany,7.962289922634805
Twitter,#Comedy,Shorts,Canada,7.961856223330957
TikTok,#Viral,Shorts,Brazil,7.95475781923304
TikTok,#Viral,Video,Japan,7.94911284019003
TikTok,#Education,Video,Brazil,7.9426587829811215
YouTube,#Dance,Live Stream,UK,7.93142363594217
Instagram,#Tech,Reel,Canada,7.912420384426777
TikTok,#Fashion,Shorts,USA,7.896960165677645
Instagram,#Music,Shorts,India,7.892897166723497
Instagram,#Viral,Live Stream,USA,7.837852473530603
Twitter,#Challenge,Reel,Australia,7.83607720530188
Instagram,#Gaming,Shorts,Australia,7.834339181908372
TikTok,#Education,Tweet,Brazil,7.833992925263709
Instagram,#Education,Tweet,Germany,7.82094918453474
TikTok,#Tech,Post,Japan,7.815778283009853
TikTok,#Viral,Video,Canada,7.814750531451518
TikTok,#Music,Reel,UK,7.808486554688045
TikTok,#Challenge,Shorts,Australia,7.789829951599389
Twitter,#Fashion,Post,India,7.786401478152826
Twitter,#Education,Live Stream,India,7.781907794198018
TikTok,#Education,Post,Germany,7.77986791315369
Twitter,#Education,Shorts,Canada,7.779767038996787
Twitter,#Tech,Shorts,Canada,7.771031476313731
TikTok,#Viral,Live Stream,Brazil,7.766676210614991
Twitter,#Music,Tweet,India,7.763278927250261
YouTube,#Education,Live Stream,Japan,7.737983224293668
Twitter,#Tech,Reel,Germany,7.736490827394615
Instagram,#Education,Tweet,Japan,7.728015255135246
Twitter,#Gaming,Shorts,India,7.727992073830108
TikTok,#Comedy,Live Stream,UK,7.713329240457045
TikTok,#Education,Post,UK,7.687446023772284
YouTube,#Comedy,Post,Canada,7.682739767582858
YouTube,#Gaming,Shorts,Brazil,7.669832725767195
YouTube,#Education,Post,Brazil,7.6673618738865725
TikTok,#Tech,Post,Germany,7.655291139299302
YouTube,#Dance,Reel,UK,7.634426099126754
YouTube,#Gaming,Video,India,7.63142035555724
TikTok,#Gaming,Post,UK,7.603203208074263
Instagram,#Challenge,Tweet,Brazil,7.593567894168456
TikTok,#Tech,Shorts,India,7.58340864304886
YouTube,#Music,Tweet,Japan,7.5833402341776495
Instagram,#Fitness,Video,Japan,7.573748205717068
Instagram,#Tech,Tweet,UK,7.569802150320634
Twitter,#Challenge,Shorts,Brazil,7.562108070758136
YouTube,#Challenge,Tweet,Japan,7.553258917680564
Instagram,#Viral,Video,UK,7.543136114285173
Twitter,#Education,Video,USA,7.533870127425651
Twitter,#Fitness,Post,Canada,7.529993179894011
Twitter,#Fashion,Post,USA,7.5226579240985885
YouTube,#Dance,Post,Australia,7.520192050318528
TikTok,#Gaming,Live Stream,Australia,7.510364387178583
Instagram,#Education,Post,Canada,7.495685082939854
Twitter,#Fashion,Live Stream,Japan,7.492189746577278
TikTok,#Education,Shorts,UK,7.488773448301978
YouTube,#Music,Post,India,7.476379221849374
Twitter,#Fashion,Reel,Brazil,7.47634678481525
Instagram,#Education,Video,Japan,7.468445889362831
TikTok,#Comedy,Reel,Canada,7.446381920825554
Instagram,#Viral,Shorts,Brazil,7.442705624239501
Instagram,#Challenge,Shorts,Australia,7.440860372668052
Instagram,#Comedy,Tweet,Australia,7.4284030683746956
Instagram,#Gaming,Shorts,India,7.421352552565583
Twitter,#Fashion,Live Stream,India,7.40228465575991
Instagram,#Fitness,Video,Germany,7.401715162345467
YouTube,#Fashion,Shorts,Canada,7.392487535677276
TikTok,#Dance,Reel,USA,7.380358728970937
Instagram,#Dance,Video,Japan,7.367150800540289
Twitter,#Gaming,Shorts,USA,7.3641552276135345
Twitter,#Comedy,Video,Australia,7.352738323345106
Instagram,#Comedy,Video,Canada,7.340068070848128
Instagram,#Music,Tweet,Australia,7.335455372118331
YouTube,#Gaming,Post,USA,7.335367199909022
YouTube,#Education,Post,USA,7.331879657968614
YouTube,#Tech,Video,USA,7.319933102097518
Twitter,#Tech,Tweet,UK,7.318763269659282
TikTok,#Tech,Tweet,UK,7.313820922363878
YouTube,#Challenge,Reel,Brazil,7.304715315059172
Instagram,#Dance,Post,Japan,7.297141191078675
YouTube,#Challenge,Reel,Japan,7.294443723804193
Twitter,#Fashion,Tweet,Canada,7.282732208508053
Twitter,#Fashion,Reel,India,7.278345363941781
TikTok,#Comedy,Tweet,Germany,7.271984112873358
YouTube,#Dance,Live Stream,India,7.265199348317704
YouTube,#Dance,Video,Australia,7.25854278026191
YouTube,#Fashion,Post,Canada,7.246309964044163
YouTube,#Dance,Reel,USA,7.2407973222486675
YouTube,#Gaming,Shorts,USA,7.2381146374121235
Instagram,#Fitness,Tweet,Canada,7.23629431028015
TikTok,#Viral,Post,Australia,7.233525527984166
TikTok,#Dance,Live Stream,UK,7.2330809619961745
Twitter,#Tech,Post,UK,7.223702090233241
YouTube,#Viral,Video,USA,7.183043115200134
TikTok,#Gaming,Live Stream,Brazil,7.168351702555017
Instagram,#Education,Shorts,Germany,7.16832796737232
YouTube,#Viral,Live Stream,USA,7.1610539931751385
Instagram,#Tech,Video,Canada,7.154504456174481
TikTok,#Education,Post,Brazil,7.144977711203705
Instagram,#Fashion,Tweet,India,7.142158310230835
Twitter,#Tech,Live Stream,USA,7.1376629168428725
Twitter,#Education,Tweet,UK,7.131508977764813
Instagram,#Viral,Post,India,7.129101969311799
YouTube,#Education,Video,Japan,7.118514942507419
Instagram,#Challenge,Tweet,India,7.072073083469643
Twitter,#Gaming,Tweet,Canada,7.069657243121784
Twitter,#Gaming,Reel,India,7.068370324521791
TikTok,#Comedy,Video,Japan,7.068328154544152
TikTok,#Dance,Video,Australia,7.064039639844245
Instagram,#Challenge,Post,UK,7.056874411677659
YouTube,#Dance,Video,Brazil,7.055250956568728
TikTok,#Dance,Live Stream,Germany,7.051769532286226
Twitter,#Fashion,Tweet,USA,7.037899533836556
YouTube,#Viral,Reel,UK,7.027454694834252
YouTube,#Tech,Tweet,Japan,7.015278720601448
YouTube,#Dance,Video,UK,7.01010810063935
TikTok,#Challenge,Post,USA,6.994372945703257
Twitter,#Comedy,Shorts,Brazil,6.993306020726495
TikTok,#Tech,Shorts,USA,6.987942049151516
YouTube,#Education,Video,India,6.967330842452064
Twitter,#Music,Reel,USA,6.955544254332507
TikTok,#Music,Video,India,6.94966238198761
Twitter,#Viral,Post,USA,6.942176867125459
Instagram,#Music,Live Stream,Japan,6.915961256172139
TikTok,#Comedy,Post,Canada,6.907801922360693
Instagram,#Fitness,Post,Canada,6.901234708453916
YouTube,#Gaming,Video,Brazil,6.890115205220188
Twitter,#Fitness,Tweet,Canada,6.876660271794449
TikTok,#Challenge,Live Stream,Brazil,6.869752492613731
Instagram,#Music,Live Stream,Germany,6.862973569422068
TikTok,#Fitness,Post,UK,6.862726193587477
YouTube,#Tech,Live Stream,Germany,6.855771043386569
YouTube,#Fashion,Tweet,USA,6.855745662903351
YouTube,#Music,Tweet,UK,6.8447096658177085
YouTube,#Challenge,Post,Canada,6.827684276319591
Twitter,#Viral,Post,UK,6.826860205580788
YouTube,#Fitness,Live Stream,UK,6.794605551352201
TikTok,#Tech,Tweet,Brazil,6.793612523792409
TikTok,#Dance,Live Stream,USA,6.783429837571224
Instagram,#Comedy,Shorts,Canada,6.777430070104293
Twitter,#Challenge,Live Stream,UK,6.760784958782208
YouTube,#Comedy,Post,UK,6.75903618939228
Twitter,#Education,Shorts,Brazil,6.756656586246969
Twitter,#Music,Tweet,USA,6.754731399843308
Twitter,#Challenge,Video,Brazil,6.750363529828621
Twitter,#Viral,Reel,Germany,6.734283369937862
TikTok,#Challenge,Video,USA,6.733162093666205
YouTube,#Viral,Shorts,UK,6.727242839427113
Instagram,#Comedy,Video,USA,6.717743922780655
TikTok,#Education,Live Stream,Japan,6.703062724729807
Instagram,#Fashion,Shorts,UK,6.6915738226571575
Twitter,#Tech,Live Stream,Japan,6.674663863090734
Twitter,#Comedy,Post,India,6.671985589793013
Instagram,#Fashion,Tweet,Germany,6.666279113625127
Twitter,#Viral,Video,UK,6.661832289946491
Twitter,#Music,Post,Germany,6.656106810823716
YouTube,#Gaming,Tweet,India,6.6484149720051935
YouTube,#Music,Shorts,Germany,6.643936873330955
Instagram,#Education,Reel,Australia,6.633840019826856
YouTube,#Challenge,Shorts,Germany,6.631899701871843
TikTok,#Gaming,Shorts,India,6.626235594165233
TikTok,#Music,Post,Australia,6.624751509558465
Instagram,#Gaming,Video,UK,6.619217159696254
Twitter,#Fitness,Tweet,Germany,6.608280225123311
Twitter,#Music,Live Stream,USA,6.603321196002399
Twitter,#Viral,Shorts,USA,6.587557881078173
Instagram,#Viral,Post,Germany,6.579012993484199
TikTok,#Fitness,Video,Brazil,6.576695076820288
TikTok,#Tech,Shorts,Brazil,6.559896762658617
YouTube,#Dance,Shorts,Germany,6.559528325824738
Instagram,#Fitness,Reel,India,6.545343623443645
Twitter,#Dance,Post,USA,6.541645040887102
YouTube,#Challenge,Post,Australia,6.528486551519413
YouTube,#Education,Reel,Japan,6.52416176282723
YouTube,#Comedy,Live Stream,Germany,6.515305584813623
Twitter,#Viral,Tweet,Germany,6.513735128820841
YouTube,#Music,Live Stream,Canada,6.513403552263425
Twitter,#Fashion,Video,UK,6.50940916649244
YouTube,#Tech,Live Stream,India,6.5074483068361815
Twitter,#Fashion,Tweet,India,6.5017228523001
YouTube,#Music,Shorts,Canada,6.498733787617291
YouTube,#Comedy,Post,Germany,6.493123052332071
YouTube,#Tech,Shorts,India,6.492829844066989
YouTube,#Comedy,Shorts,Australia,6.490619762087672
Twitter,#Music,Video,India,6.484542381032095
Twitter,#Gaming,Shorts,Canada,6.4834319481873095
YouTube,#Fashion,Live Stream,Australia,6.481401113484017
YouTube,#Music,Reel,Canada,6.472351611713567
Instagram,#Fashion,Live Stream,USA,6.468330936090998
YouTube,#Comedy,Shorts,India,6.460412219846141
Instagram,#Dance,Post,India,6.4589256000242425
YouTube,#Comedy,Video,Brazil,6.45543742701811
Twitter,#Tech,Live Stream,UK,6.450517971345667
Instagram,#Tech,Shorts,USA,6.437808577112152
YouTube,#Challenge,Shorts,Japan,6.414108880970057
TikTok,#Education,Live Stream,UK,6.41309737927215
Instagram,#Fitness,Reel,Japan,6.395960087770774
YouTube,#Challenge,Live Stream,Australia,6.3907376582416635
Twitter,#Fitness,Video,Germany,6.381083466768073
YouTube,#Challenge,Video,Brazil,6.370868633659803
Twitter,#Comedy,Live Stream,Japan,6.343042852356237
Twitter,#Fitness,Reel,India,6.326493854734046
YouTube,#Viral,Live Stream,India,6.320995223922914
YouTube,#Education,Live Stream,UK,6.319611153492884
Instagram,#Education,Tweet,Australia,6.31876936277476
YouTube,#Viral,Tweet,UK,6.3175114796498555
YouTube,#Gaming,Live Stream,Australia,6.306346858740943
TikTok,#Gaming,Reel,Brazil,6.303926751157258
Instagram,#Education,Reel,USA,6.303078785374065
YouTube,#Fashion,Tweet,India,6.2929820937649215
Instagram,#Fashion,Tweet,Australia,6.290640764024903
YouTube,#Education,Tweet,India,6.267820620671926
YouTube,#Challenge,Tweet,Brazil,6.26386535493668
TikTok,#Tech,Reel,UK,6.253759521011659
Twitter,#Fashion,Post,Germany,6.245030030707296
YouTube,#Challenge,Reel,Canada,6.234539682893868
Instagram,#Comedy,Reel,UK,6.223462245711748
YouTube,#Challenge,Video,UK,6.215514573633619
Instagram,#Tech,Video,UK,6.21262895405002
YouTube,#Challenge,Shorts,Australia,6.212138608118079
Twitter,#Education,Video,Canada,6.204120829048365
YouTube,#Music,Tweet,USA,6.203203813171387
Instagram,#Challenge,Tweet,Germany,6.192084287571759
Instagram,#Music,Video,Canada,6.18934562810236
TikTok,#Gaming,Reel,India,6.171628164839765
TikTok,#Viral,Reel,UK,6.167006414719268
Twitter,#Comedy,Shorts,UK,6.166067473326206
Twitter,#Dance,Post,Japan,6.159344617203803
Instagram,#Education,Tweet,USA,6.1574054108676535
YouTube,#Music,Post,Canada,6.156597851794909
TikTok,#Gaming,Tweet,India,6.151292217914363
Twitter,#Fashion,Video,Brazil,6.1450471718149995
TikTok,#Dance,Reel,UK,6.142705475597964
YouTube,#Fitness,Post,UK,6.135509022604833
Twitter,#Gaming,Post,UK,6.130249300321595
TikTok,#Dance,Shorts,Australia,6.120245519759488
Twitter,#Fitness,Reel,Canada,6.119733459641689
YouTube,#Fitness,Shorts,Germany,6.115622381497252
YouTube,#Tech,Reel,Brazil,6.114930395790207
Instagram,#Viral,Shorts,USA,6.097213705800592
Instagram,#Comedy,Post,Japan,6.09628642670045
TikTok,#Viral,Reel,Canada,6.080001070385369
TikTok,#Tech,Live Stream,Canada,6.0789464983055295
Instagram,#Comedy,Reel,Germany,6.074413459539117
YouTube,#Viral,Post,Australia,6.070599567356759
TikTok,#Fashion,Live Stream,India,6.069738956851895
YouTube,#Fitness,Video,USA,6.038632000126474
TikTok,#Challenge,Live Stream,Australia,6.034974464280952
Twitter,#Gaming,Post,India,6.0343201827688535
YouTube,#Viral,Post,Japan,6.02704564606553
Instagram,#Tech,Live Stream,Brazil,6.024514593694715
TikTok,#Comedy,Shorts,USA,6.024436651117148
Instagram,#Education,Video,USA,6.021759541346973
YouTube,#Education,Reel,Brazil,6.021397092042359
YouTube,#Dance,Shorts,Japan,6.013434477056506
Twitter,#Fashion,Reel,Canada,5.983452385705869
YouTube,#Fashion,Video,UK,5.976771531556157
TikTok,#Challenge,Post,Canada,5.975027976860844
TikTok,#Education,Post,Japan,5.967889230478578
Twitter,#Comedy,Live Stream,UK,5.967300280265093
YouTube,#Viral,Shorts,Canada,5.966839852532267
TikTok,#Music,Reel,Brazil,5.9661100628293715
TikTok,#Gaming,Video,USA,5.9656564808908215
Instagram,#Comedy,Reel,Australia,5.958525453108123
TikTok,#Fashion,Tweet,UK,5.9503746624051885
Instagram,#Challenge,Post,Canada,5.946008670531562
TikTok,#Fashion,Live Stream,UK,5.944796102912535
YouTube,#Viral,Video,Brazil,5.940477390709589
TikTok,#Education,Reel,Brazil,5.939999854945011
Twitter,#Education,Reel,India,5.939660884937903
TikTok,#Gaming,Shorts,Germany,5.934275085661977
YouTube,#Dance,Post,USA,5.928863661752219
Instagram,#Education,Tweet,Canada,5.904298813522626
Instagram,#Comedy,Live Stream,Japan,5.893052935291716
Twitter,#Tech,Live Stream,Canada,5.883435690009847
YouTube,#Comedy,Shorts,Canada,5.88053827187798
TikTok,#Music,Live Stream,Canada,5.865223915488623
Instagram,#Tech,Post,Brazil,5.861379315107917
YouTube,#Fashion,Tweet,UK,5.8186446465086235
Twitter,#Dance,Shorts,Germany,5.817998073913353
TikTok,#Fitness,Post,Japan,5.80961785435024
Instagram,#Dance,Tweet,UK,5.807742024826573
Twitter,#Tech,Reel,Australia,5.789520741662067
Instagram,#Fitness,Reel,Germany,5.7890952563838285
TikTok,#Viral,Reel,Germany,5.75582421859359
Instagram,#Fitness,Live Stream,Brazil,5.744581925862368
YouTube,#Comedy,Reel,Germany,5.736915697558366
Twitter,#Education,Post,Canada,5.731524844477635
TikTok,#Challenge,Video,Japan,5.72680311157558
YouTube,#Tech,Video,Germany,5.720868777739628
Twitter,#Dance,Tweet,USA,5.710919093156923
Instagram,#Education,Reel,India,5.705969994156674
Twitter,#Challenge,Post,USA,5.701228069151498
YouTube,#Fashion,Live Stream,Germany,5.69910987600777
YouTube,#Fitness,Tweet,India,5.6834086739542915
TikTok,#Fitness,Tweet,Germany,5.680274624391388
TikTok,#Comedy,Post,India,5.674647908067479
Twitter,#Gaming,Tweet,Japan,5.673530651316404
Twitter,#Dance,Live Stream,USA,5.66780626450949
YouTube,#Dance,Live Stream,Canada,5.666405332902184
Instagram,#Challenge,Live Stream,Australia,5.660353687697502
TikTok,#Dance,Post,UK,5.65937112996078
Instagram,#Fitness,Video,India,5.659026929003214
Twitter,#Comedy,Shorts,USA,5.642954022170688
YouTube,#Tech,Post,USA,5.637869455545565
Instagram,#Comedy,Video,Australia,5.6277901216070445
YouTube,#Comedy,Tweet,Australia,5.621433990712125
TikTok,#Dance,Video,USA,5.621132951416828
Twitter,#Fashion,Shorts,UK,5.603522770815295
YouTube,#Viral,Reel,USA,5.590533553948755
YouTube,#Gaming,Video,UK,5.589014427619335
Instagram,#Gaming,Post,Japan,5.5713832518472035
YouTube,#Fitness,Shorts,USA,5.5607362571637955
Instagram,#Viral,Shorts,Germany,5.557794113104815
Twitter,#Gaming,Post,Japan,5.553147392245435
Twitter,#Comedy,Reel,UK,5.5353935551783575
Twitter,#Dance,Reel,India,5.515122971084898
YouTube,#Comedy,Live Stream,Australia,5.51423970160742
Instagram,#Tech,Reel,Germany,5.500900372358603
TikTok,#Music,Post,UK,5.500316063995219
YouTube,#Challenge,Reel,India,5.490829937734872
Instagram,#Fitness,Reel,Australia,5.482288157220716
Instagram,#Music,Video,Brazil,5.482226635271271
TikTok,#Tech,Reel,Brazil,5.47605921460978
Instagram,#Tech,Tweet,Germany,5.471074926753881
YouTube,#Challenge,Live Stream,Canada,5.467466659124409
Instagram,#Music,Reel,Brazil,5.464579874510884
YouTube,#Viral,Tweet,USA,5.463706211788784
YouTube,#Viral,Reel,Brazil,5.463049943161441
TikTok,#Viral,Reel,Japan,5.46085250535807
TikTok,#Challenge,Reel,Canada,5.457768226790823
YouTube,#Education,Tweet,USA,5.452439856880327
YouTube,#Gaming,Video,Australia,5.447721772615334
Instagram,#Music,Reel,UK,5.445901211857074
Twitter,#Fashion,Live Stream,Canada,5.439628243204556
Twitter,#Dance,Live Stream,Australia,5.4366641306748
Instagram,#Music,Reel,Canada,5.42751058567215
Instagram,#Music,Shorts,UK,5.421185192907435
TikTok,#Fitness,Shorts,Germany,5.41886893747451
Instagram,#Tech,Post,Australia,5.416260724476796
Instagram,#Tech,Post,UK,5.410871500308725
Twitter,#Viral,Post,Canada,5.408771356921409
Instagram,#Challenge,Shorts,Japan,5.4028719339985525
YouTube,#Education,Post,India,5.3914312837076706
Instagram,#Gaming,Live Stream,Canada,5.390411576904599
Twitter,#Fitness,Reel,Australia,5.387571898581741
Instagram,#Viral,Reel,Germany,5.376273737823817
Twitter,#Dance,Video,Germany,5.364181239541482
TikTok,#Dance,Post,Brazil,5.361951738231435
TikTok,#Dance,Shorts,Japan,5.358791304341072
Twitter,#Fitness,Shorts,Japan,5.352286868044532
Twitter,#Fashion,Tweet,Brazil,5.3413975780220495
Instagram,#Comedy,Post,UK,5.336907174353245
Instagram,#Fashion,Live Stream,Australia,5.321976529445903
YouTube,#Fitness,Reel,Japan,5.317496946767553
Instagram,#Fitness,Live Stream,UK,5.3158544277536866
Instagram,#Fitness,Video,USA,5.311079328996204
Instagram,#Challenge,Tweet,Japan,5.303183690028552
Instagram,#Challenge,Post,Japan,5.303153471856541
Twitter,#Viral,Post,Japan,5.2941766977782025
Twitter,#Tech,Reel,UK,5.286524408581577
YouTube,#Dance,Reel,Australia,5.2840796991106735
Instagram,#Comedy,Live Stream,Canada,5.26870945830574
YouTube,#Fitness,Tweet,Japan,5.260263680623612
Instagram,#Music,Live Stream,Australia,5.250452654365307
TikTok,#Challenge,Video,Germany,5.242606084161221
Twitter,#Fitness,Tweet,India,5.233918773268141
YouTube,#Gaming,Tweet,Brazil,5.232363476724718
Instagram,#Music,Post,UK,5.2196913840380175
Instagram,#Education,Tweet,Brazil,5.214684611280558
YouTube,#Education,Live Stream,USA,5.213732813602735
Twitter,#Viral,Live Stream,Germany,5.203042078927018
Twitter,#Comedy,Video,USA,5.194004695649699
YouTube,#Fashion,Reel,Japan,5.193665592365783
TikTok,#Music,Post,Japan,5.187078850844667
TikTok,#Fashion,Tweet,Australia,5.18252392951167
Instagram,#Dance,Live Stream,India,5.177170598193518
Instagram,#Comedy,Live Stream,Germany,5.168868472071022
Twitter,#Music,Post,Australia,5.15607488931415
Instagram,#Music,Video,Australia,5.145799811282935
TikTok,#Fitness,Post,India,5.142126274684856
Instagram,#Music,Video,India,5.11782321926127
YouTube,#Fashion,Video,India,5.102795814874087
YouTube,#Music,Tweet,Australia,5.097480315645131
Instagram,#Education,Live Stream,Brazil,5.093488795433748
Instagram,#Fashion,Video,India,5.071953971711402
Instagram,#Fitness,Live Stream,Germany,5.0691026688845024
Instagram,#Comedy,Video,India,5.065575654008315
TikTok,#Fashion,Live Stream,Japan,5.0613483488588455
TikTok,#Fitness,Live Stream,Canada,5.054249691553377
TikTok,#Tech,Video,UK,5.047974682162173
YouTube,#Fitness,Reel,India,5.046399813249933
Twitter,#Gaming,Reel,USA,5.030908783045838
YouTube,#Tech,Shorts,UK,5.027765169688221
Instagram,#Tech,Live Stream,Germany,5.024408404611265
YouTube,#Education,Tweet,Japan,5.015685322338973
Twitter,#Viral,Video,Japan,5.005192635883079
Twitter,#Fashion,Reel,USA,5.000943953084488
Twitter,#Gaming,Post,Brazil,5.000588934029767
Twitter,#Fitness,Reel,USA,4.99742848764535
YouTube,#Fashion,Reel,Germany,4.99717043561707
Instagram,#Challenge,Video,Australia,4.994857526175228
YouTube,#Dance,Tweet,Japan,4.992659344609726
YouTube,#Education,Live Stream,India,4.990940738173744
Instagram,#Fitness,Reel,Brazil,4.9856285597381795
Twitter,#Comedy,Reel,Canada,4.982263207566067
TikTok,#Viral,Post,Brazil,4.976548353350185
TikTok,#Education,Shorts,Canada,4.974044358596217
Instagram,#Gaming,Reel,India,4.973908257914262
Twitter,#Music,Live Stream,Brazil,4.962012555078847
YouTube,#Music,Reel,UK,4.958501542058093
TikTok,#Education,Tweet,Germany,4.954933544121977
Twitter,#Tech,Shorts,India,4.95327418111902
Twitter,#Music,Video,USA,4.951361684574583
Instagram,#Comedy,Shorts,Australia,4.948815836303543
TikTok,#Challenge,Video,Australia,4.946643335947745
YouTube,#Music,Reel,USA,4.945839773316413
TikTok,#Viral,Post,UK,4.939111240849021
YouTube,#Dance,Tweet,India,4.936713932793861
YouTube,#Challenge,Video,USA,4.932638663453019
YouTube,#Fitness,Video,Germany,4.92730473619219
Instagram,#Comedy,Shorts,USA,4.924545217919449
Instagram,#Tech,Tweet,Brazil,4.907664688427216
Instagram,#Challenge,Video,Germany,4.9035474962788586
YouTube,#Comedy,Post,Japan,4.8999538637324065
TikTok,#Music,Shorts,Brazil,4.8720904531324
Twitter,#Dance,Live Stream,Canada,4.864028932390601
TikTok,#Viral,Reel,USA,4.861590899703877
Twitter,#Fashion,Live Stream,USA,4.861061725342529
Twitter,#Comedy,Live Stream,Australia,4.851921360764682
Twitter,#Dance,Reel,Brazil,4.851011126595406
Instagram,#Dance,Post,Canada,4.850444002778444
TikTok,#Comedy,Reel,Brazil,4.843955095276022
Twitter,#Viral,Tweet,Canada,4.842625348463291
TikTok,#Fitness,Shorts,Australia,4.840319540000465
TikTok,#Challenge,Shorts,India,4.838925829995259
YouTube,#Fitness,Live Stream,India,4.835859522660465
TikTok,#Music,Reel,USA,4.822687492643926
YouTube,#Gaming,Reel,Germany,4.808921790427102
TikTok,#Tech,Video,Japan,4.806498179974066
TikTok,#Gaming,Tweet,Australia,4.79896154838718
YouTube,#Viral,Tweet,India,4.79828208296003
Twitter,#Dance,Reel,Canada,4.797649040331223
Twitter,#Music,Live Stream,Japan,4.7955881028971215
TikTok,#Fashion,Video,Australia,4.793025009137754
YouTube,#Music,Shorts,Australia,4.785682831935347
YouTube,#Comedy,Post,USA,4.782573395732185
Twitter,#Comedy,Reel,Australia,4.782412158928848
YouTube,#Education,Shorts,USA,4.776292564566188
TikTok,#Dance,Shorts,India,4.774035015359139
TikTok,#Comedy,Shorts,Canada,4.771932616584747
YouTube,#Fashion,Live Stream,Japan,4.753558961093218
TikTok,#Tech,Shorts,Japan,4.748367678643508
TikTok,#Education,Video,Germany,4.744775896991396
Instagram,#Gaming,Live Stream,India,4.716147335882364
Twitter,#Comedy,Video,Japan,4.715862267295539
Instagram,#Gaming,Post,Germany,4.708597899062334
YouTube,#Comedy,Video,Canada,4.702716258663912
Instagram,#Gaming,Live Stream,Australia,4.686721312471735
Twitter,#Tech,Tweet,Australia,4.673774899796169
Twitter,#Challenge,Tweet,Canada,4.672254066727651
TikTok,#Education,Tweet,UK,4.671113769095604
TikTok,#Gaming,Live Stream,India,4.669886218649212
TikTok,#Music,Tweet,Canada,4.666871560629529
Instagram,#Viral,Video,Brazil,4.651833409452829
Instagram,#Fashion,Live Stream,Canada,4.650357613735059
YouTube,#Comedy,Reel,USA,4.637048919813853
Instagram,#Challenge,Video,USA,4.634305149366487
YouTube,#Dance,Reel,Canada,4.634248245483863
YouTube,#Fitness,Tweet,USA,4.632933514842784
Twitter,#Comedy,Tweet,USA,4.63118492209782
YouTube,#Fashion,Reel,Brazil,4.622378871935588
YouTube,#Challenge,Tweet,UK,4.622134582292321
Instagram,#Viral,Reel,USA,4.6172470220459845
YouTube,#Music,Post,UK,4.616082565273758
YouTube,#Comedy,Tweet,Germany,4.611624508653857
Instagram,#Gaming,Shorts,Germany,4.597105109576022
Twitter,#Viral,Live Stream,Japan,4.595278157072188
YouTube,#Comedy,Shorts,UK,4.591735517177155
TikTok,#Tech,Video,Australia,4.587137810450734
YouTube,#Tech,Reel,Canada,4.581035528184444
Instagram,#Tech,Live Stream,Canada,4.567881517424148
YouTube,#Viral,Live Stream,Canada,4.555405302253906
Twitter,#Comedy,Reel,Brazil,4.551486612835039
YouTube,#Viral,Shorts,Japan,4.549305051366351
TikTok,#Viral,Reel,India,4.540433324795535
YouTube,#Viral,Post,Canada,4.539310129826614
TikTok,#Fitness,Tweet,Canada,4.535965279133559
Instagram,#Music,Video,USA,4.528226613484542
Instagram,#Fitness,Shorts,USA,4.5200326753559334
TikTok,#Gaming,Shorts,Australia,4.51897188206806
Twitter,#Fitness,Video,UK,4.513396408725693
Twitter,#Fashion,Shorts,India,4.507164547364598
Twitter,#Viral,Video,USA,4.505641652656687
TikTok,#Dance,Tweet,Japan,4.4928491936252035
Instagram,#Fashion,Reel,Australia,4.488250547625843
YouTube,#Viral,Post,Germany,4.476755384507492
YouTube,#Education,Post,UK,4.472880060266241
YouTube,#Fitness,Reel,Australia,4.472422460054352
Twitter,#Education,Tweet,India,4.469091991636425
Instagram,#Dance,Post,UK,4.468236415660824
Twitter,#Dance,Video,USA,4.467961520687544
YouTube,#Fitness,Reel,Germany,4.457500213694747
Twitter,#Viral,Video,Australia,4.456347145919529
Twitter,#Education,Live Stream,Japan,4.4538228723866995
YouTube,#Fashion,Reel,UK,4.448135690022336
TikTok,#Comedy,Live Stream,Australia,4.44502125505897
YouTube,#Education,Video,UK,4.443096557410466
YouTube,#Tech,Post,UK,4.4399476193212255
Twitter,#Fitness,Shorts,Australia,4.439935882948747
Twitter,#Fitness,Video,Brazil,4.438189654184952
Instagram,#Comedy,Video,Germany,4.437969744676231
TikTok,#Fashion,Video,Japan,4.4368237532800885
Twitter,#Fitness,Live Stream,UK,4.430479467922004
Twitter,#Challenge,Reel,UK,4.425792163255251
Twitter,#Gaming,Live Stream,USA,4.425514526374111
Twitter,#Viral,Reel,Australia,4.423043230778321
TikTok,#Education,Tweet,Japan,4.422846268708332
Instagram,#Music,Reel,India,4.416329953284667
Instagram,#Music,Post,Canada,4.41600748178322
Twitter,#Challenge,Post,Brazil,4.414526417023787
TikTok,#Dance,Tweet,UK,4.413955778497907
YouTube,#Viral,Shorts,Germany,4.411174826865171
TikTok,#Challenge,Tweet,Australia,4.409720253633595
TikTok,#Dance,Shorts,Canada,4.407800903761578
Twitter,#Fashion,Post,Canada,4.402898414660966
TikTok,#Music,Tweet,Brazil,4.392997632864714
Twitter,#Education,Reel,UK,4.373598073583591
Instagram,#Music,Tweet,India,4.3604298882839645
Instagram,#Tech,Video,USA,4.3555124683307955
YouTube,#Education,Video,USA,4.353646271129069
YouTube,#Comedy,Shorts,Germany,4.349762653666686
Twitter,#Comedy,Tweet,India,4.345003228147284
TikTok,#Comedy,Video,Germany,4.343296291325571
Instagram,#Tech,Video,Brazil,4.338937233764714
YouTube,#Tech,Tweet,Germany,4.336705780899536
TikTok,#Tech,Tweet,India,4.329987768583098
Instagram,#Viral,Video,Japan,4.329322830843161
YouTube,#Education,Live Stream,Australia,4.3220083657313095
YouTube,#Challenge,Live Stream,Japan,4.315429629617879
TikTok,#Education,Video,Japan,4.31363850389423
Twitter,#Fitness,Live Stream,USA,4.307248707563778
Instagram,#Dance,Reel,Canada,4.302719624072344
YouTube,#Music,Video,Australia,4.287056146897641
TikTok,#Comedy,Video,Brazil,4.281826428734316
TikTok,#Dance,Video,Canada,4.2692112963683115
Twitter,#Gaming,Shorts,Japan,4.266946170134668
Instagram,#Comedy,Shorts,India,4.261648409219597
Instagram,#Music,Tweet,Canada,4.2521522926353805
Instagram,#Fashion,Live Stream,UK,4.25153841537955
Instagram,#Comedy,Shorts,Brazil,4.247796087468227
Twitter,#Music,Shorts,Canada,4.23177572523579
Twitter,#Viral,Live Stream,UK,4.230846696686539
Instagram,#Tech,Reel,UK,4.211495098391454
TikTok,#Fashion,Post,Germany,4.194756605402478
TikTok,#Fashion,Tweet,Canada,4.188233960388906
TikTok,#Gaming,Video,Australia,4.182742733639643
TikTok,#Tech,Video,India,4.181064536644027
Instagram,#Viral,Tweet,Germany,4.1726286023242825
TikTok,#Fitness,Reel,Canada,4.163279964101678
YouTube,#Challenge,Reel,UK,4.1529837885240815
TikTok,#Gaming,Live Stream,Canada,4.146735460348354
Instagram,#Fashion,Video,USA,4.144980767522655
YouTube,#Challenge,Reel,Australia,4.143419072693194
YouTube,#Dance,Reel,Brazil,4.139856366963969
Twitter,#Tech,Shorts,Australia,4.139670299502936
Instagram,#Music,Tweet,Germany,4.129535714847689
Instagram,#Challenge,Video,Canada,4.122387687604028
Instagram,#Viral,Video,Canada,4.119861869686881
Twitter,#Music,Reel,Australia,4.116651480894145
Instagram,#Comedy,Post,India,4.110331240916885
YouTube,#Education,Post,Canada,4.098703394100003
TikTok,#Dance,Tweet,India,4.094929990355968
Twitter,#Comedy,Reel,India,4.090843707438694
TikTok,#Fitness,Live Stream,Australia,4.082713065390035
Instagram,#Viral,Post,Brazil,4.081783376976007
Twitter,#Fitness,Tweet,Japan,4.080334327660505
YouTube,#Fitness,Shorts,Brazil,4.0750902244651455
Instagram,#Gaming,Live Stream,Germany,4.072493803683422
YouTube,#Tech,Reel,India,4.066548442007514
YouTube,#Gaming,Tweet,USA,4.052888935434926
Twitter,#Music,Video,Japan,4.043817739766394
YouTube,#Tech,Live Stream,USA,4.01535129724992
Twitter,#Fashion,Shorts,Canada,4.01392555003627
TikTok,#Fitness,Shorts,Canada,4.007747736111257
YouTube,#Tech,Live Stream,Brazil,4.003897619600196
TikTok,#Fashion,Post,USA,3.998805915059599
TikTok,#Music,Reel,India,3.9930379560264244
TikTok,#Viral,Reel,Australia,3.9895279154283037
YouTube,#Fashion,Tweet,Australia,3.9853884016592627
Twitter,#Gaming,Post,Germany,3.984169246783681
Twitter,#Fitness,Tweet,USA,3.9828850895611367
Instagram,#Fashion,Reel,Brazil,3.982205188809557
Instagram,#Comedy,Post,Australia,3.979512837264371
YouTube,#Dance,Post,Brazil,3.979379024171206
Twitter,#Challenge,Shorts,USA,3.976575236582336
Instagram,#Fitness,Shorts,Japan,3.9752752231958697
Instagram,#Fitness,Reel,Canada,3.9665965416404845
Instagram,#Fitness,Shorts,India,3.9548712353624693
Twitter,#Dance,Video,UK,3.951801277113516
Twitter,#Gaming,Post,USA,3.946713645976403
Twitter,#Viral,Post,Brazil,3.9323619304154143
TikTok,#Challenge,Shorts,Japan,3.923054110499143
TikTok,#Gaming,Tweet,Germany,3.920658659809366
TikTok,#Music,Reel,Canada,3.916246149354576
Twitter,#Fashion,Video,Australia,3.9086811128915135
YouTube,#Challenge,Post,USA,3.8938560545402687
YouTube,#Fashion,Post,Germany,3.8849956526222837
Instagram,#Challenge,Post,Australia,3.883396599188019
Instagram,#Music,Live Stream,India,3.880008646294275
TikTok,#Fashion,Tweet,USA,3.8764009830895256
Instagram,#Dance,Tweet,India,3.874631716401746
Twitter,#Challenge,Tweet,Brazil,3.861960821948136
TikTok,#Education,Video,Canada,3.843798107665109
YouTube,#Music,Reel,Brazil,3.842426715805845
TikTok,#Tech,Post,USA,3.836882747011847
YouTube,#Gaming,Live Stream,Germany,3.8304563954706734
Twitter,#Tech,Reel,Brazil,3.8199576394149095
TikTok,#Dance,Live Stream,Canada,3.8176169670947617
Twitter,#Challenge,Tweet,India,3.8118289706141977
Instagram,#Dance,Shorts,Canada,3.807306388063951
Twitter,#Viral,Tweet,Australia,3.7956427198173555
YouTube,#Gaming,Live Stream,UK,3.7917970675385058
Instagram,#Comedy,Video,Japan,3.781188439754267
YouTube,#Fitness,Video,Canada,3.7789294867623475
Instagram,#Challenge,Reel,India,3.777155817951938
YouTube,#Tech,Shorts,Canada,3.7711603709844193
TikTok,#Challenge,Post,Japan,3.770078732402117
Instagram,#Education,Reel,Japan,3.7676434839876602
TikTok,#Dance,Tweet,Brazil,3.755520135130521
YouTube,#Gaming,Post,Brazil,3.753599182373521
Twitter,#Fashion,Reel,UK,3.7507705853152586
TikTok,#Dance,Shorts,Brazil,3.7388832541765638
YouTube,#Tech,Video,Canada,3.7349900355058705
YouTube,#Comedy,Reel,UK,3.734068081814904
YouTube,#Music,Shorts,UK,3.7330890844834013
Twitter,#Education,Tweet,Brazil,3.7320729160151402
Twitter,#Challenge,Post,UK,3.7294070090400746
Instagram,#Challenge,Post,India,3.728515489892594
TikTok,#Gaming,Shorts,UK,3.720288787881146
TikTok,#Challenge,Shorts,USA,3.719214729915422
Instagram,#Challenge,Tweet,Canada,3.715511072751782
Instagram,#Viral,Tweet,Canada,3.7152951132945695
Instagram,#Gaming,Shorts,Brazil,3.708165528387944
Twitter,#Education,Reel,Germany,3.707274608123423
Twitter,#Gaming,Reel,UK,3.7066806107436077
TikTok,#Fitness,Tweet,India,3.7047910222760927
TikTok,#Fashion,Reel,Japan,3.7043212518622637
Twitter,#Viral,Shorts,Australia,3.698441233874087
TikTok,#Fitness,Shorts,USA,3.696266441219103
Twitter,#Fitness,Tweet,Australia,3.6961766921182786
Instagram,#Gaming,Post,UK,3.6936749746528466
Twitter,#Tech,Live Stream,India,3.692354113018654
TikTok,#Tech,Video,Brazil,3.683899352858575
TikTok,#Tech,Reel,India,3.682589816654481
TikTok,#Fashion,Post,Brazil,3.6754143820490914
YouTube,#Challenge,Post,India,3.6740053940142396
Twitter,#Fitness,Video,India,3.6731051558853722
Twitter,#Dance,Tweet,UK,3.662249809084845
TikTok,#Music,Video,Canada,3.6550228066478523
Instagram,#Gaming,Video,Canada,3.648626789781558
Instagram,#Viral,Video,Australia,3.640329206924998
TikTok,#Viral,Live Stream,UK,3.6342545098698937
TikTok,#Education,Reel,USA,3.6286188861236486
Twitter,#Fashion,Post,Japan,3.628374434668321
Instagram,#Gaming,Tweet,Brazil,3.6275252153569713
Instagram,#Fashion,Reel,Canada,3.627486680959554
YouTube,#Viral,Video,UK,3.6225654479506817
Instagram,#Tech,Shorts,India,3.6163000904751463
Twitter,#Dance,Live Stream,Japan,3.6143241885668647
YouTube,#Tech,Tweet,India,3.611809172257504
YouTube,#Viral,Tweet,Brazil,3.611688138102093
Twitter,#Music,Shorts,Australia,3.6066686161464063
Twitter,#Fitness,Reel,Germany,3.6028205957030943
TikTok,#Tech,Live Stream,Brazil,3.5994959330027463
Twitter,#Music,Live Stream,Germany,3.5906670964410683
Twitter,#Gaming,Live Stream,Canada,3.58850903596323
Instagram,#Dance,Video,Germany,3.584640442983181
Twitter,#Gaming,Tweet,India,3.5841237588686186
Instagram,#Dance,Reel,USA,3.5768114593457203
Twitter,#Music,Tweet,Australia,3.571007497844464
TikTok,#Fashion,Reel,Brazil,3.560820226060114
YouTube,#Gaming,Tweet,UK,3.55215736533657
Instagram,#Gaming,Video,Germany,3.547586634955836
Twitter,#Gaming,Shorts,Germany,3.5373649535443548
Twitter,#Comedy,Post,Japan,3.534658202610786
TikTok,#Education,Reel,UK,3.526953853803751
YouTube,#Music,Live Stream,Japan,3.5224388522125984
Twitter,#Gaming,Live Stream,Australia,3.5201111247067622
TikTok,#Fashion,Live Stream,Australia,3.5085545583470537
YouTube,#Music,Video,USA,3.5073945261336186
Twitter,#Viral,Post,Australia,3.502368053364253
YouTube,#Fashion,Post,UK,3.4849315816626842
YouTube,#Viral,Reel,Australia,3.4824051938097056
TikTok,#Tech,Post,Australia,3.478432455093031
YouTube,#Education,Shorts,Canada,3.4725515571469217
Instagram,#Fitness,Tweet,Germany,3.4686846141180316
Twitter,#Comedy,Live Stream,Canada,3.464631379794792
TikTok,#Comedy,Shorts,Australia,3.4635851910204174
TikTok,#Gaming,Video,Germany,3.4548784250526046
TikTok,#Music,Live Stream,Australia,3.449721449384983
TikTok,#Music,Tweet,Germany,3.4492484027919565
Twitter,#Dance,Video,Japan,3.4413618095514913
Instagram,#Viral,Live Stream,Canada,3.439559002432582
Instagram,#Comedy,Reel,Brazil,3.432672960304631
YouTube,#Education,Video,Canada,3.4313563925560002
Twitter,#Challenge,Live Stream,USA,3.4280707143171893
TikTok,#Fitness,Video,USA,3.426897523744351
TikTok,#Challenge,Post,UK,3.406965799719969
TikTok,#Gaming,Post,Australia,3.4026165960767263
Twitter,#Dance,Live Stream,Brazil,3.4021935909849543
YouTube,#Education,Shorts,Australia,3.401747694486953
YouTube,#Education,Reel,India,3.3950192156947514
TikTok,#Fitness,Post,USA,3.3903237344997934
Instagram,#Fitness,Shorts,Brazil,3.382326817555306
YouTube,#Fitness,Tweet,Australia,3.3821178745260068
Twitter,#Challenge,Shorts,Australia,3.363483574773017
TikTok,#Dance,Live Stream,Australia,3.359477693867342
Twitter,#Music,Post,Canada,3.354619438083584
TikTok,#Challenge,Reel,Australia,3.349343625301625
YouTube,#Dance,Post,Canada,3.3471031181960704
TikTok,#Viral,Reel,Brazil,3.3465317122709326
TikTok,#Tech,Reel,USA,3.3457477367686748
Instagram,#Comedy,Tweet,Japan,3.3445698218198716
YouTube,#Viral,Video,Australia,3.3413527987169007
Instagram,#Education,Live Stream,Japan,3.336951069618231
Twitter,#Fitness,Live Stream,India,3.3360197041622834
YouTube,#Education,Live Stream,Canada,3.325880410488342
YouTube,#Fashion,Reel,USA,3.3221898674003145
Instagram,#Fitness,Tweet,Brazil,3.3176762670631947
YouTube,#Fitness,Post,Australia,3.310302908912776
Twitter,#Music,Live Stream,UK,3.3039869522127128
Twitter,#Music,Live Stream,Australia,3.296873885129197
TikTok,#Tech,Tweet,Canada,3.294636621756197
YouTube,#Fitness,Shorts,Australia,3.289517081640243
Instagram,#Education,Shorts,India,3.286956492434456
YouTube,#Music,Post,Japan,3.2839816739387833
TikTok,#Tech,Live Stream,Japan,3.283589252933549
TikTok,#Comedy,Shorts,Germany,3.282110512298914
TikTok,#Gaming,Tweet,Brazil,3.277585606571756
Twitter,#Fitness,Post,India,3.2760352874518515
YouTube,#Dance,Shorts,Canada,3.275198392255394
TikTok,#Fitness,Tweet,Japan,3.2738528222799426
Twitter,#Education,Live Stream,Brazil,3.272496158472356
Instagram,#Gaming,Video,Japan,3.269042624667959
TikTok,#Viral,Shorts,Germany,3.266101584080159
YouTube,#Music,Post,USA,3.2653071266112876
TikTok,#Gaming,Live Stream,UK,3.2610372417111164
Instagram,#Fitness,Video,Canada,3.2602442863532257
TikTok,#Fashion,Shorts,Brazil,3.2591429710702857
Twitter,#Music,Video,Australia,3.2501471390538565
TikTok,#Comedy,Shorts,UK,3.237068386988335
TikTok,#Music,Video,Japan,3.2346083390794207
Instagram,#Gaming,Live Stream,USA,3.232804273112542
Instagram,#Challenge,Post,Brazil,3.23044056924865
Instagram,#Challenge,Reel,UK,3.2259978576099626
Twitter,#Challenge,Tweet,USA,3.2219174382688034
Instagram,#Music,Post,Germany,3.2218231391732512
Instagram,#Comedy,Post,Brazil,3.2210587717120824
Instagram,#Challenge,Live Stream,Brazil,3.217586257926239
Instagram,#Education,Post,Japan,3.1838645759072737
Twitter,#Dance,Post,India,3.180973387247926
Instagram,#Tech,Live Stream,India,3.167253534653724
YouTube,#Music,Post,Brazil,3.164755017170125
Twitter,#Viral,Live Stream,Canada,3.155680347212354
Instagram,#Fashion,Reel,Japan,3.1499495039984966
YouTube,#Challenge,Live Stream,USA,3.1494752394685044
Twitter,#Challenge,Live Stream,Germany,3.139364817392696
TikTok,#Fashion,Shorts,Germany,3.1358783718000387
TikTok,#Comedy,Tweet,India,3.1313995232227927
Twitter,#Music,Reel,Germany,3.1283651673750326
Instagram,#Tech,Reel,India,3.126704855730662
Instagram,#Education,Post,USA,3.121644478696086
YouTube,#Comedy,Live Stream,India,3.119464026888126
YouTube,#Dance,Post,Germany,3.1183131592208575
Instagram,#Fitness,Tweet,India,3.114674368530821
TikTok,#Music,Shorts,Australia,3.1132145014607397
TikTok,#Gaming,Reel,Australia,3.1131968325440615
TikTok,#Tech,Tweet,Japan,3.1124546711458527
Twitter,#Viral,Reel,India,3.1104363160352686
Instagram,#Tech,Post,Germany,3.1070492770869733
Twitter,#Gaming,Video,India,3.1056221452272466
Instagram,#Gaming,Video,India,3.10379527278837
Instagram,#Fashion,Reel,UK,3.1019970035900877
TikTok,#Music,Live Stream,USA,3.1012629601042287
Twitter,#Music,Video,Canada,3.0940864298649093
Instagram,#Gaming,Video,Australia,3.0916590020673786
YouTube,#Music,Tweet,Germany,3.087965322350068
TikTok,#Dance,Video,UK,3.0864056039560097
TikTok,#Gaming,Live Stream,Japan,3.06581296070458
YouTube,#Dance,Video,India,3.0650994791705948
YouTube,#Fitness,Post,India,3.0637489434483403
TikTok,#Viral,Shorts,USA,3.0611120138840273
TikTok,#Education,Shorts,Brazil,3.0592679384918533
YouTube,#Comedy,Post,Brazil,3.0530614573004216
Instagram,#Gaming,Post,Australia,3.0526773054503535
TikTok,#Tech,Shorts,Canada,3.0504593355107543
TikTok,#Education,Live Stream,USA,3.0449106468848077
Twitter,#Fitness,Post,Brazil,3.034898509675984
Twitter,#Comedy,Video,Canada,3.007990290424719
TikTok,#Fashion,Video,UK,3.0006687207636906
TikTok,#Challenge,Tweet,Japan,2.9957293774583764
Instagram,#Challenge,Shorts,Canada,2.993813295682225
YouTube,#Fitness,Reel,USA,2.9937044566660322
Twitter,#Fitness,Shorts,Brazil,2.9810377833696946
YouTube,#Tech,Reel,USA,2.974832347224917
Twitter,#Fitness,Post,Japan,2.9730196758897023
YouTube,#Education,Video,Germany,2.972160565584131
YouTube,#Comedy,Live Stream,Brazil,2.971259228440175
YouTube,#Viral,Post,India,2.956385467354695
YouTube,#Gaming,Post,Germany,2.9561661243785387
Twitter,#Dance,Live Stream,UK,2.952940548317497
TikTok,#Fashion,Shorts,Japan,2.945274481915331
Instagram,#Comedy,Reel,USA,2.940550475026104
YouTube,#Viral,Video,Germany,2.921125714913657
TikTok,#Dance,Live Stream,Brazil,2.9178511118174604
YouTube,#Music,Shorts,India,2.914706645593689
Instagram,#Dance,Reel,UK,2.911883052728101
TikTok,#Fashion,Post,UK,2.906459426163708
Twitter,#Tech,Live Stream,Germany,2.9035997828695663
Instagram,#Comedy,Post,Canada,2.900500752613744
Twitter,#Fitness,Live Stream,Japan,2.8967699398248046
YouTube,#Music,Reel,Japan,2.8942101675226457
Twitter,#Fitness,Live Stream,Canada,2.8896995566519355
YouTube,#Music,Shorts,Japan,2.8841738447604084
TikTok,#Comedy,Tweet,UK,2.8771438248248735
TikTok,#Education,Shorts,USA,2.867783560832994
Twitter,#Education,Video,India,2.865752888782583
Twitter,#Dance,Reel,USA,2.8619512035777306
YouTube,#Music,Live Stream,Australia,2.8569272339754606
Instagram,#Challenge,Post,USA,2.8553207020142963
TikTok,#Viral,Video,UK,2.8340992561292535
YouTube,#Challenge,Video,Germany,2.831860433186278
Twitter,#Education,Video,Germany,2.8307677204156
TikTok,#Challenge,Shorts,Germany,2.822610941283941
Twitter,#Fitness,Post,Germany,2.8212480398581894
Twitter,#Gaming,Shorts,UK,2.8166064583576564
TikTok,#Tech,Tweet,USA,2.816376103448956
Twitter,#Fashion,Live Stream,UK,2.8133831111732466
Instagram,#Fitness,Shorts,UK,2.812258804851676
Twitter,#Comedy,Tweet,Canada,2.81117951360237
Instagram,#Education,Shorts,Brazil,2.809062560016598
TikTok,#Dance,Video,Brazil,2.805403296177819
YouTube,#Tech,Video,India,2.804483665115715
Twitter,#Viral,Video,Brazil,2.799671326894345
TikTok,#Fitness,Reel,Germany,2.7838448366320625
YouTube,#Gaming,Tweet,Germany,2.7805877166537276
Instagram,#Challenge,Reel,Germany,2.779367039630698
TikTok,#Gaming,Reel,Japan,2.762908277232627
YouTube,#Challenge,Tweet,Germany,2.7588122902867442
Twitter,#Comedy,Shorts,Germany,2.7547758712324084
TikTok,#Challenge,Tweet,Canada,2.7543222197566544
Instagram,#Comedy,Video,UK,2.741727776175833
YouTube,#Music,Tweet,Brazil,2.739045882564396
YouTube,#Gaming,Reel,USA,2.7374983898709555
YouTube,#Fashion,Tweet,Germany,2.7371030145891395
TikTok,#Music,Video,UK,2.727225205522292
TikTok,#Challenge,Tweet,India,2.726346881496591
YouTube,#Fashion,Video,Germany,2.722468804045201
Instagram,#Gaming,Live Stream,Brazil,2.717836737869644
Instagram,#Education,Post,UK,2.711773322841952
Twitter,#Fitness,Post,USA,2.711560808443207
YouTube,#Comedy,Live Stream,UK,2.7042303472606624
TikTok,#Tech,Live Stream,USA,2.6850215856675175
TikTok,#Viral,Live Stream,Germany,2.6807232669516923
Twitter,#Dance,Post,Australia,2.678064797189914
TikTok,#Gaming,Shorts,USA,2.674658363577824
YouTube,#Tech,Tweet,UK,2.6742777664992867
Instagram,#Viral,Reel,UK,2.6738258771976144
YouTube,#Fashion,Reel,Canada,2.672735451705476
Instagram,#Tech,Video,Germany,2.6626524780025123
Twitter,#Gaming,Live Stream,Germany,2.6605676755226986
Instagram,#Comedy,Tweet,Germany,2.6532301983201916
Twitter,#Fashion,Post,Australia,2.6491605315426163
YouTube,#Education,Live Stream,Germany,2.6471897648822083
YouTube,#Gaming,Shorts,India,2.6389371186771826
Instagram,#Education,Reel,Brazil,2.6347948283474487
TikTok,#Gaming,Post,Canada,2.6322205590948364
TikTok,#Gaming,Live Stream,Germany,2.6283989199793463
TikTok,#Fitness,Shorts,Brazil,2.620143435124966
Instagram,#Dance,Post,Australia,2.613243661691391
Twitter,#Viral,Reel,Brazil,2.6047792630299935
YouTube,#Education,Reel,USA,2.6009169702044637
Instagram,#Gaming,Post,India,2.596817236586269
Twitter,#Education,Post,Brazil,2.593385134892179
YouTube,#Viral,Reel,Germany,2.5920007303628685
TikTok,#Dance,Shorts,UK,2.5857537795107643
YouTube,#Tech,Video,Brazil,2.585346207327273
Instagram,#Fashion,Shorts,India,2.5836324119522627
Twitter,#Viral,Shorts,Germany,2.574849971093265
Instagram,#Fashion,Video,Germany,2.5727767384811036
Twitter,#Music,Tweet,Brazil,2.5705969818697407
YouTube,#Comedy,Post,India,2.56355198143245
Twitter,#Comedy,Post,USA,2.5572374549353913
TikTok,#Education,Reel,Japan,2.55553019125105
Twitter,#Dance,Live Stream,Germany,2.5531743885765814
Twitter,#Viral,Tweet,India,2.5474366807753386
Twitter,#Gaming,Video,USA,2.5389553218344965
Instagram,#Dance,Post,USA,2.538925308772984
Twitter,#Education,Live Stream,USA,2.536880499948844
Twitter,#Music,Shorts,Brazil,2.5199388164399235
TikTok,#Education,Reel,Germany,2.5190926162757656
Instagram,#Viral,Tweet,Australia,2.5106988823533847
Twitter,#Music,Post,Brazil,2.5102521417255317
YouTube,#Education,Video,Brazil,2.504868437436006
Instagram,#Fashion,Post,UK,2.5041181352150526
TikTok,#Viral,Shorts,Japan,2.495991993882662
TikTok,#Tech,Video,Germany,2.493377811649663
YouTube,#Education,Shorts,Germany,2.4830756706677803
Twitter,#Viral,Reel,Japan,2.4795604088246623
Instagram,#Dance,Live Stream,Japan,2.4789865227935994
Instagram,#Music,Post,Brazil,2.4640924784890172
Instagram,#Dance,Shorts,Brazil,2.4608203725395206
YouTube,#Fitness,Tweet,Canada,2.4495191973305634
TikTok,#Fashion,Reel,India,2.447174602349812
TikTok,#Fitness,Live Stream,India,2.4431853265239525
Twitter,#Viral,Post,Germany,2.436904104043511
YouTube,#Gaming,Tweet,Canada,2.4341425719388825
TikTok,#Gaming,Reel,USA,2.432964574772677
Instagram,#Comedy,Live Stream,India,2.4276487213835503
Instagram,#Challenge,Shorts,India,2.419572990341835
TikTok,#Tech,Reel,Germany,2.394826121014823
Twitter,#Music,Post,UK,2.386244305509842
YouTube,#Fitness,Live Stream,USA,2.3835957437087636
Twitter,#Fitness,Reel,Brazil,2.3827271802723122
TikTok,#Viral,Shorts,Canada,2.3768200811571902
Instagram,#Gaming,Shorts,UK,2.373800381877141
TikTok,#Music,Live Stream,Germany,2.355475130922873
Instagram,#Gaming,Reel,Australia,2.353031748264393
TikTok,#Fashion,Live Stream,USA,2.3522194162283094
TikTok,#Education,Tweet,USA,2.3500146262585666
Twitter,#Dance,Shorts,Brazil,2.3389152111747915
Twitter,#Comedy,Post,UK,2.334263454702315
Twitter,#Education,Video,Australia,2.321655727321956
TikTok,#Music,Shorts,UK,2.315342393191784
YouTube,#Music,Live Stream,UK,2.315044575054941
Instagram,#Comedy,Tweet,UK,2.3112029716827043
Twitter,#Music,Reel,Japan,2.3051581274435584
TikTok,#Dance,Shorts,Germany,2.2998133453945457
YouTube,#Fitness,Reel,Canada,2.299072511062732
YouTube,#Gaming,Tweet,Australia,2.2944470129030647
Instagram,#Viral,Shorts,Canada,2.293686747563133
TikTok,#Challenge,Live Stream,USA,2.2923055810714796
YouTube,#Comedy,Video,Australia,2.285743014660949
TikTok,#Viral,Live Stream,USA,2.281830513355938
Twitter,#Comedy,Shorts,Australia,2.278002572873148
TikTok,#Music,Post,Germany,2.276037880498227
Instagram,#Education,Post,Brazil,2.267365823057046
YouTube,#Challenge,Live Stream,Brazil,2.248334672329201
YouTube,#Comedy,Shorts,Japan,2.247636128297715
TikTok,#Fashion,Video,Canada,2.2356854322863766
TikTok,#Education,Reel,Canada,2.2344201033796454
TikTok,#Fashion,Shorts,India,2.219025354538036
YouTube,#Gaming,Shorts,Japan,2.217987830110165
Twitter,#Education,Video,UK,2.214271913972797
Twitter,#Dance,Shorts,India,2.2138457619772804
Twitter,#Fashion,Reel,Japan,2.209177213958685
YouTube,#Viral,Tweet,Australia,2.2057002950860425
YouTube,#Challenge,Shorts,Canada,2.1926758873560006
TikTok,#Fashion,Video,India,2.192072449286757
Instagram,#Music,Shorts,Germany,2.1856075877143897
Instagram,#Fashion,Reel,India,2.1753054452048355
YouTube,#Comedy,Video,USA,2.1721197746966303
Instagram,#Education,Reel,UK,2.1712663262430287
TikTok,#Gaming,Reel,UK,2.1669041740037662
Twitter,#Challenge,Shorts,UK,2.1632082226910616
TikTok,#Comedy,Reel,Japan,2.15873763797633
YouTube,#Gaming,Reel,Australia,2.158304241967898
YouTube,#Viral,Live Stream,Germany,2.154709276043538
YouTube,#Comedy,Tweet,USA,2.154128515175103
YouTube,#Education,Video,Australia,2.1489562025132254
Instagram,#Viral,Video,USA,2.135662973509136
TikTok,#Education,Shorts,Japan,2.1265399461155807
TikTok,#Challenge,Post,Brazil,2.114278731632871
Instagram,#Comedy,Reel,Japan,2.109019644422561
YouTube,#Gaming,Video,USA,2.1060760955876696
Instagram,#Challenge,Tweet,Australia,2.087322078824445
TikTok,#Comedy,Video,USA,2.08623115581703
Twitter,#Education,Tweet,Japan,2.075538358307605
YouTube,#Tech,Tweet,Australia,2.0666489149236864
TikTok,#Gaming,Shorts,Brazil,2.063150881125742
Twitter,#Education,Post,Australia,2.060652451478763
Twitter,#Comedy,Post,Brazil,2.0574381892254348
TikTok,#Dance,Reel,Canada,2.0410690867567856
Twitter,#Education,Post,Germany,2.038234365415452
TikTok,#Fashion,Shorts,UK,2.035527040560096
Twitter,#Fashion,Post,UK,2.018818024015041
TikTok,#Viral,Tweet,Australia,2.003008400579025
TikTok,#Comedy,Tweet,USA,1.9968388112837294
TikTok,#Fitness,Post,Brazil,1.9886200976568318
YouTube,#Fashion,Video,USA,1.9715199011437772
YouTube,#Fitness,Shorts,India,1.9593207143672666
Twitter,#Music,Live Stream,Canada,1.9587721035213945
Instagram,#Gaming,Video,Brazil,1.9534575484111512
TikTok,#Music,Live Stream,UK,1.9483638553458094
Instagram,#Challenge,Tweet,UK,1.9386836325813845
Twitter,#Education,Shorts,India,1.9368858768216153
Twitter,#Tech,Shorts,Germany,1.9254292619325037
Twitter,#Tech,Tweet,India,1.9251801403493944
Instagram,#Music,Shorts,Canada,1.9249978908794723
TikTok,#Challenge,Video,UK,1.9235860564780936
Twitter,#Tech,Video,Australia,1.9211227404211868
TikTok,#Dance,Post,Canada,1.9169526339116387
YouTube,#Challenge,Post,UK,1.9164463697894252
TikTok,#Gaming,Video,Brazil,1.9148688761376544
Twitter,#Challenge,Video,Germany,1.8812656406836128
Instagram,#Tech,Shorts,Japan,1.878637834060582
Instagram,#Music,Reel,USA,1.8742159283875495
TikTok,#Comedy,Reel,Germany,1.8738517681703748
TikTok,#Fitness,Live Stream,Brazil,1.8638021203487876
Instagram,#Dance,Shorts,UK,1.8523905836472885
TikTok,#Challenge,Live Stream,Japan,1.8522977370410787
YouTube,#Challenge,Video,India,1.8414061490646576
Twitter,#Dance,Video,Canada,1.8406785725479444
Instagram,#Challenge,Live Stream,Japan,1.8297446261932735
Instagram,#Viral,Shorts,UK,1.8282781716966852
TikTok,#Gaming,Post,Japan,1.803994098182238
TikTok,#Gaming,Video,UK,1.8025624940365272
Twitter,#Gaming,Reel,Brazil,1.801614774417862
Instagram,#Fashion,Post,Canada,1.7789729047656522
YouTube,#Tech,Reel,Japan,1.7777347477438283
TikTok,#Challenge,Reel,UK,1.776326096629531
Twitter,#Challenge,Post,Japan,1.7704120559714351
Twitter,#Tech,Video,USA,1.740945237567719
Instagram,#Fashion,Live Stream,Brazil,1.735089437397423
Twitter,#Tech,Tweet,Germany,1.7349790801194056
Instagram,#Music,Reel,Germany,1.725692249983125
TikTok,#Comedy,Shorts,Brazil,1.723679158400168
TikTok,#Viral,Tweet,Japan,1.7186218979682852
TikTok,#Tech,Video,Canada,1.712165672651138
TikTok,#Fitness,Reel,Australia,1.7051443599690688
YouTube,#Dance,Live Stream,Brazil,1.7030802708033888
Twitter,#Fitness,Post,Australia,1.7021870391773166
Twitter,#Challenge,Reel,India,1.7005807126035952
YouTube,#Tech,Post,Japan,1.6965200385643306
YouTube,#Fitness,Live Stream,Canada,1.6911427544499253
TikTok,#Fashion,Live Stream,Canada,1.6823725057863173
Instagram,#Gaming,Tweet,Canada,1.6810079105248332
TikTok,#Dance,Tweet,Australia,1.6796027666401443
Twitter,#Challenge,Tweet,Germany,1.6755298718975258
YouTube,#Fashion,Video,Canada,1.66643418816152
Twitter,#Music,Post,USA,1.6644374371772928
TikTok,#Comedy,Reel,India,1.6584719489899022
TikTok,#Music,Reel,Japan,1.654010711471598
YouTube,#Education,Reel,Australia,1.626985393587061
Instagram,#Tech,Live Stream,USA,1.6261124799372975
YouTube,#Tech,Reel,UK,1.624340157727206
TikTok,#Fashion,Video,USA,1.6197341755009638
Instagram,#Education,Live Stream,USA,1.615879803404527
Instagram,#Music,Tweet,Brazil,1.608759060944936
Instagram,#Fashion,Post,Brazil,1.6056974687141046
Twitter,#Education,Reel,Japan,1.5838975979445784
Twitter,#Music,Tweet,Canada,1.583378978375839
YouTube,#Education,Reel,UK,1.5833599312190854
Twitter,#Challenge,Shorts,India,1.5497933682531475
YouTube,#Dance,Tweet,Canada,1.5307939213187678
Instagram,#Tech,Post,India,1.527598343600911
TikTok,#Fashion,Tweet,Brazil,1.5254874732100567
TikTok,#Comedy,Post,UK,1.52179834899965
Instagram,#Tech,Video,Australia,1.5206967794862953
TikTok,#Fitness,Tweet,USA,1.5202554549691913
Twitter,#Dance,Post,Germany,1.5097828856858442
Twitter,#Dance,Shorts,Australia,1.5017868675256238
YouTube,#Viral,Reel,Canada,1.4885593101637196
YouTube,#Fashion,Post,India,1.4736828487642568
YouTube,#Gaming,Reel,Japan,1.44957468115064
Instagram,#Tech,Tweet,Australia,1.4282717710885642
Twitter,#Dance,Post,UK,1.4239032251223283
YouTube,#Viral,Post,USA,1.4217643749877418
Instagram,#Gaming,Tweet,Japan,1.4200532810904287
Twitter,#Education,Shorts,USA,1.4148767843328012
Twitter,#Music,Tweet,UK,1.4080076610499783
Twitter,#Gaming,Tweet,Australia,1.39627251048564
Instagram,#Fashion,Post,Australia,1.3946787661542395
Twitter,#Education,Video,Brazil,1.378944160511103
YouTube,#Fitness,Video,Brazil,1.3784369302311095
TikTok,#Fashion,Shorts,Australia,1.3667819732555584
YouTube,#Fashion,Reel,Australia,1.3667177345172987
Instagram,#Tech,Shorts,UK,1.355715051485746
Twitter,#Education,Shorts,Japan,1.3554884395554856
Instagram,#Comedy,Tweet,India,1.354782550864499
Twitter,#Fitness,Shorts,UK,1.3418603536337332
TikTok,#Tech,Tweet,Germany,1.3327154845263638
Twitter,#Dance,Shorts,USA,1.3303486933441149
Twitter,#Fitness,Tweet,Brazil,1.3300694535880977
Twitter,#Music,Video,Germany,1.328688460103475
YouTube,#Music,Video,Canada,1.328247342034681
YouTube,#Music,Post,Germany,1.3279948658424212
TikTok,#Music,Post,India,1.3272487970873428
Instagram,#Education,Reel,Germany,1.3181343953453397
TikTok,#Challenge,Live Stream,India,1.3160385204612564
YouTube,#Challenge,Tweet,Australia,1.3155839871326542
Instagram,#Fitness,Post,UK,1.3067693159257678
Instagram,#Education,Video,Germany,1.3022450062109923
TikTok,#Music,Shorts,Germany,1.2992441217843231
TikTok,#Comedy,Post,Brazil,1.2982029024520232
Instagram,#Comedy,Reel,India,1.2884666330891092
YouTube,#Tech,Shorts,USA,1.2868279066319785
Twitter,#Education,Shorts,UK,1.2701558163377693
Instagram,#Dance,Shorts,Japan,1.2598504212127808
Twitter,#Gaming,Live Stream,India,1.2584493663756353
TikTok,#Fashion,Post,Canada,1.2511962124498348
Twitter,#Fashion,Video,Canada,1.2359158724858956
Instagram,#Education,Shorts,Canada,1.2313193974147112
Instagram,#Viral,Shorts,Japan,1.2201460381506495
TikTok,#Gaming,Reel,Canada,1.2095823203083567
TikTok,#Gaming,Tweet,USA,1.2053445049686962
TikTok,#Challenge,Reel,USA,1.2024429294081536
Twitter,#Dance,Video,Brazil,1.1973800123560745
YouTube,#Dance,Live Stream,Japan,1.1917674737991442
Twitter,#Fashion,Live Stream,Australia,1.1828500831932303
Twitter,#Fitness,Shorts,USA,1.1695422078217832
TikTok,#Fashion,Reel,Germany,1.1562781954295664
Twitter,#Music,Reel,Canada,1.145230130839624
YouTube,#Education,Live Stream,Brazil,1.1352933148117899
TikTok,#Dance,Reel,Brazil,1.1306023175300002
TikTok,#Education,Post,USA,1.105865457348238
Twitter,#Viral,Reel,Canada,1.105769343632579
Twitter,#Challenge,Reel,Brazil,1.0987958165802174
Twitter,#Viral,Video,India,1.0873980865935742
Instagram,#Tech,Post,USA,1.0777916994765775
TikTok,#Comedy,Live Stream,Brazil,1.069982853871565
YouTube,#Gaming,Shorts,Germany,1.0633126794071457
TikTok,#Fitness,Shorts,Japan,1.0232645557960935
Twitter,#Dance,Post,Canada,1.01765004359878
Instagram,#Fashion,Post,Germany,1.0018900602838126
TikTok,#Fashion,Video,Germany,0.975777435321405
Twitter,#Tech,Post,Germany,0.9683261510335911
TikTok,#Fitness,Post,Australia,0.9565011418376106
YouTube,#Gaming,Reel,Brazil,0.9558680514367656
TikTok,#Dance,Post,USA,0.9441809414136267
YouTube,#Challenge,Shorts,UK,0.943500215451174
Twitter,#Fashion,Tweet,Japan,0.9350803826172529
Instagram,#Viral,Reel,Canada,0.93167179170887
TikTok,#Comedy,Tweet,Brazil,0.9288418816940651
YouTube,#Tech,Live Stream,Japan,0.9081274280784492
Twitter,#Tech,Shorts,Brazil,0.8986832635558599
YouTube,#Fitness,Video,India,0.8849047438315041
Instagram,#Tech,Post,Canada,0.8747564535559975
Twitter,#Challenge,Live Stream,Australia,0.8403663409449444
Twitter,#Fashion,Video,Japan,0.8374684090301553
TikTok,#Fitness,Live Stream,Japan,0.8365642966899411
YouTube,#Fitness,Live Stream,Germany,0.7991069000657189
Twitter,#Tech,Post,Brazil,0.7988703643854369
YouTube,#Gaming,Post,Japan,0.7671133554627766
YouTube,#Viral,Tweet,Canada,0.7525501204003593
TikTok,#Challenge,Video,India,0.7516464538798462
Instagram,#Fashion,Reel,USA,0.74521001484975
TikTok,#Fashion,Reel,Australia,0.6878991295811292
TikTok,#Tech,Post,Brazil,0.6850188745643908
TikTok,#Fitness,Live Stream,USA,0.6576063222148328
YouTube,#Comedy,Reel,Australia,0.63986601652852
Twitter,#Comedy,Live Stream,India,0.6386259938428182
YouTube,#Challenge,Tweet,Canada,0.6344956232943137
Instagram,#Tech,Tweet,Japan,0.6078028241614768
Instagram,#Dance,Tweet,Canada,0.6066825214164704
Twitter,#Tech,Shorts,USA,0.5919689330620626
Instagram,#Tech,Shorts,Germany,0.5679149999957054
TikTok,#Fashion,Tweet,Japan,0.5415339265133268
YouTube,#Music,Video,UK,0.5291159156734027
Twitter,#Gaming,Reel,Australia,0.49264231087665944
Instagram,#Music,Post,USA,0.48254766537146904
TikTok,#Viral,Post,Japan,0.4690739996760038
Twitter,#Challenge,Tweet,Japan,0.4652532668569992
TikTok,#Fitness,Tweet,Brazil,0.4386867800044656
YouTube,#Gaming,Post,UK,0.37808078999068484
TikTok,#Viral,Live Stream,India,0.36228611729825977
Twitter,#Dance,Tweet,Japan,0.36121330868952156
YouTube,#Fitness,Live Stream,Brazil,0.3302307214610344
Twitter,#Dance,Tweet,Germany,0.2980598634061222
Twitter,#Music,Tweet,Germany,0.28995376619158353
Twitter,#Music,Shorts,India,0.14032381748116268
